name,positions,age,team,games_played,games_started,minutes_played,made_field_goals,attempted_field_goals,made_three_point_field_goals,attempted_three_point_field_goals,made_free_throws,attempted_free_throws,offensive_rebounds,defensive_rebounds,assists,steals,blocks,turnovers,personal_fouls,box_plus_minus,true_shooting_percentage,value_over_replacement_player,win_shares,field_goal_percentage,three_point_field_goal_percentage,free_throw_percentage,no_accents,2019-20,rebounds,ppg
Steven Adams,C,26,OKLAHOMA CITY THUNDER,16,16,420,69,118,0,0,19,41,43,101,45,8,15,22,30,2.7,57.699999999999996,0.5,1.4,58.5,0.0,46.3,Steven Adams,"$25,842,697 ",144,9.8125
Bam Adebayo,C,22,MIAMI HEAT,19,19,609,96,167,1,6,72,110,46,155,80,29,23,53,48,5.5,61.5,1.2,2.5,57.5,16.7,65.5,Bam Adebayo,"$3,454,080 ",201,13.947368421052632
LaMarcus Aldridge,C,34,SAN ANTONIO SPURS,20,20,656,153,296,11,31,60,72,41,93,50,13,36,33,43,1.0,57.49999999999999,0.5,1.7,51.7,35.5,83.3,LaMarcus Aldridge,"$26,000,000 ",134,18.85
Nickeil Alexander-Walker,SG,21,NEW ORLEANS PELICANS,16,0,230,36,112,21,61,10,14,2,34,36,5,2,20,26,-6.7,43.6,-0.3,-0.3,32.1,34.4,71.4,Nickeil Alexander-Walker,"$2,964,840 ",36,6.4375
Grayson Allen,SG,24,MEMPHIS GRIZZLIES,10,0,184,21,68,9,33,15,17,2,25,17,3,0,11,16,-7.4,43.7,-0.3,-0.2,30.9,27.3,88.2,Grayson Allen,"$2,429,400 ",27,6.6
Jarrett Allen,C,21,BROOKLYN NETS,20,17,529,90,135,0,1,51,88,68,141,23,13,25,23,52,2.4,66.5,0.6,2.4,66.7,0.0,58.0,Jarrett Allen,"$2,376,840 ",209,11.55
Al-Farouq Aminu,PF,29,ORLANDO MAGIC,18,2,380,25,86,9,36,19,29,24,63,21,18,8,17,27,-2.0,39.5,0.0,0.2,29.1,25.0,65.5,Al-Farouq Aminu,"$9,258,000 ",87,4.333333333333333
Kyle Anderson,PF,26,MEMPHIS GRIZZLIES,17,0,348,47,93,4,16,16,28,16,59,44,12,12,15,29,0.2,54.1,0.2,0.6,50.5,25.0,57.1,Kyle Anderson,"$9,073,050 ",75,6.705882352941177
Ryan Anderson,PF,31,HOUSTON ROCKETS,2,0,14,2,7,1,5,0,0,0,7,2,1,0,1,1,-4.4,35.699999999999996,0.0,0.0,28.6,20.0,0.0,Ryan Anderson,"$7,779,336 ",7,2.5
Giannis Antetokounmpo,PF,25,MILWAUKEE BUCKS,21,21,669,240,425,31,102,136,233,55,227,121,30,28,83,69,12.6,61.3,2.5,4.2,56.5,30.4,58.4,Giannis Antetokounmpo,"$25,842,697 ",282,30.80952380952381
Thanasis Antetokounmpo,SF,27,MILWAUKEE BUCKS,4,0,25,6,10,0,0,2,4,3,0,4,0,0,2,3,-2.5,59.5,0.0,0.1,60.0,0.0,50.0,Thanasis Antetokounmpo,"$1,445,697 ",3,3.5
OG Anunoby,SF,22,TORONTO RAPTORS,18,18,541,79,149,31,66,13,25,17,84,30,23,16,23,44,3.8,63.1,0.8,1.7,53.0,47.0,52.0,OG Anunoby,"$2,281,800 ",101,11.222222222222221
Ryan Arcidiacono,PG,25,CHICAGO BULLS,21,0,352,30,76,20,46,15,20,10,24,38,12,1,15,44,-2.1,56.00000000000001,0.0,0.6,39.5,43.5,75.0,Ryan Arcidiacono,"$3,000,000 ",34,4.523809523809524
Trevor Ariza,SF,34,SACRAMENTO KINGS,12,0,240,15,46,12,35,6,7,4,35,9,10,0,9,19,-2.9,48.9,-0.1,0.1,32.6,34.3,85.7,Trevor Ariza,"$12,200,000 ",39,4.0
D.J. Augustin,PG,32,ORLANDO MAGIC,19,5,484,58,156,17,60,33,38,7,36,89,12,0,25,20,-3.5,48.1,-0.2,0.7,37.2,28.3,86.8,DJ Augustin,"$7,250,000 ",43,8.736842105263158
Deandre Ayton,C,21,PHOENIX SUNS,1,1,33,9,14,0,0,0,0,3,8,0,1,4,0,2,-2.3,64.3,0.0,0.2,64.3,0.0,0.0,Deandre Ayton,"$9,562,920 ",11,18.0
Dwayne Bacon,SG,24,CHARLOTTE HORNETS,16,10,334,46,141,9,39,18,26,8,37,20,13,2,19,30,-9.2,39.0,-0.6,-0.7,32.6,23.1,69.2,Dwayne Bacon,"$1,618,520 ",45,7.4375
Marvin Bagley,PF,20,SACRAMENTO KINGS,1,1,28,6,16,0,0,2,4,4,6,0,1,1,1,1,-17.3,39.4,-0.1,0.0,37.5,0.0,50.0,Marvin Bagley,"$8,556,120 ",10,14.0
Lonzo Ball,PG,22,NEW ORLEANS PELICANS,12,9,330,51,130,28,78,6,10,10,39,70,14,3,30,24,-1.0,50.6,0.1,0.3,39.2,35.9,60.0,Lonzo Ball,"$8,719,320 ",49,11.333333333333334
Mo Bamba,C,21,ORLANDO MAGIC,17,0,260,37,92,12,33,4,8,24,59,9,5,23,22,39,-2.7,47.099999999999994,0.0,0.1,40.2,36.4,50.0,Mo Bamba,"$5,697,600 ",83,5.294117647058823
J.J. Barea,PG,35,DALLAS MAVERICKS,3,0,44,13,25,7,10,2,2,1,3,6,2,1,4,1,2.9,67.60000000000001,0.1,0.2,52.0,70.0,100.0,JJ Barea,"$2,564,753 ",4,11.666666666666666
Harrison Barnes,PF,27,SACRAMENTO KINGS,19,19,667,109,222,29,77,70,88,21,72,38,18,4,26,25,0.6,60.8,0.4,1.8,49.1,37.7,79.5,Harrison Barnes,"$18,973,214 ",93,16.68421052631579
RJ Barrett,SG,19,NEW YORK KNICKS,20,20,649,109,275,20,63,56,105,24,81,64,26,9,49,51,-3.5,45.800000000000004,-0.2,-0.4,39.6,31.7,53.3,RJ Barrett,"$7,839,960 ",105,14.7
Will Barton,SF,29,DENVER NUGGETS,15,15,492,87,191,29,68,28,38,29,81,52,15,7,23,31,3.2,55.60000000000001,0.6,1.6,45.5,42.6,73.7,Will Barton,"$12,960,000 ",110,15.4
Keita Bates-Diop,SF,24,MINNESOTA TIMBERWOLVES,8,0,150,27,48,13,26,5,8,5,19,3,4,4,5,10,-0.4,69.89999999999999,0.1,0.5,56.2,50.0,62.5,Keita Bates-Diop,"$1,416,852 ",24,9.0
Nicolas Batum,SF,31,CHARLOTTE HORNETS,11,0,235,14,37,7,27,5,5,10,37,35,7,5,18,19,-2.2,51.0,0.0,0.1,37.8,25.9,100.0,Nicolas Batum,"$25,565,217 ",47,3.6363636363636362
Aron Baynes,C,33,PHOENIX SUNS,13,12,312,71,126,25,57,24,34,19,55,38,4,9,14,51,5.8,67.7,0.6,1.4,56.3,43.9,70.6,Aron Baynes,"$5,453,280 ",74,14.692307692307692
Kent Bazemore,SF,30,PORTLAND TRAIL BLAZERS,20,2,449,48,145,22,68,28,36,8,78,37,18,14,29,59,-2.3,45.4,0.0,0.0,33.1,32.4,77.8,Kent Bazemore,"$19,269,662 ",86,7.3
Darius Bazley,PF,19,OKLAHOMA CITY THUNDER,19,0,325,31,73,14,37,8,14,7,60,10,6,9,15,18,-3.5,53.1,-0.1,0.2,42.5,37.8,57.1,Darius Bazley,"$2,284,800 ",67,4.421052631578948
Bradley Beal,SG,26,WASHINGTON WIZARDS,18,18,657,177,379,49,144,101,121,16,62,132,19,4,60,46,1.8,58.3,0.6,1.7,46.7,34.0,83.5,Bradley Beal,"$27,093,019 ",78,28.0
Malik Beasley,SG,23,DENVER NUGGETS,13,0,203,31,78,18,38,5,5,4,15,15,8,2,15,17,-2.8,53.0,0.0,0.2,39.7,47.4,100.0,Malik Beasley,"$2,731,714 ",19,6.538461538461538
Marco Belinelli,SG,33,SAN ANTONIO SPURS,20,0,321,35,119,18,59,15,21,1,32,31,5,0,9,16,-7.8,40.2,-0.5,-0.4,29.4,30.5,71.4,Marco Belinelli,"$5,846,154 ",33,5.15
Jordan Bell,C,25,MINNESOTA TIMBERWOLVES,9,0,74,11,19,0,3,7,11,9,23,6,0,3,12,6,-4.9,60.8,-0.1,0.0,57.9,0.0,63.6,Jordan Bell,"$1,620,564 ",32,3.2222222222222223
DeAndre' Bembry,SG,25,ATLANTA HAWKS,21,3,546,68,133,9,30,18,37,22,77,59,33,9,33,46,0.0,54.6,0.3,0.6,51.1,30.0,48.6,DeAndre' Bembry,"$2,603,982 ",99,7.761904761904762
Dragan Bender,SF,22,MILWAUKEE BUCKS,3,0,29,6,8,2,4,1,1,0,2,3,0,2,1,6,3.8,88.9,0.0,0.2,75.0,50.0,100.0,Dragan Bender,"$1,678,854 ",2,5.0
Dāvis Bertāns,PF,27,WASHINGTON WIZARDS,18,0,497,79,170,62,136,18,21,14,66,32,11,9,13,48,2.2,66.4,0.5,1.2,46.5,45.6,85.7,Davis Bertans,"$7,000,000 ",80,13.222222222222221
Patrick Beverley,PG,31,LOS ANGELES CLIPPERS,19,19,566,51,140,23,83,13,21,27,93,62,28,12,28,73,2.6,46.2,0.7,1.0,36.4,27.7,61.9,Patrick Beverley,"$12,345,679 ",120,7.2631578947368425
Khem Birch,C,27,ORLANDO MAGIC,10,5,203,17,34,0,1,11,23,18,33,5,5,5,6,25,-2.5,51.0,0.0,0.4,50.0,0.0,47.8,Khem Birch,"$3,000,000 ",51,4.5
Goga Bitadze,C,20,INDIANA PACERS,15,2,201,26,55,4,12,14,19,16,34,14,1,18,10,32,1.8,55.2,0.2,0.6,47.3,33.3,73.7,Goga Bitadze,"$2,816,760 ",50,4.666666666666667
Bismack Biyombo,C,27,CHARLOTTE HORNETS,20,5,334,61,105,0,0,36,65,33,54,17,6,16,14,38,-1.1,59.099999999999994,0.1,0.9,58.1,0.0,55.4,Bismack Biyombo,"$17,000,000 ",87,7.9
Nemanja Bjelica,PF,31,SACRAMENTO KINGS,19,18,499,77,161,32,75,14,15,36,92,47,17,10,32,57,2.8,59.699999999999996,0.6,1.3,47.8,42.7,93.3,Nemanja Bjelica,"$6,825,000 ",128,10.526315789473685
Eric Bledsoe,PG,30,MILWAUKEE BUCKS,21,21,569,121,259,24,78,55,70,19,88,118,16,9,48,54,2.0,55.400000000000006,0.6,2.0,46.7,30.8,78.6,Eric Bledsoe,"$15,625,000 ",107,15.285714285714286
Bogdan Bogdanović,SG,27,SACRAMENTO KINGS,18,0,495,93,229,50,130,30,42,4,45,85,25,2,34,33,0.9,53.7,0.4,1.0,40.6,38.5,71.4,Bogdan Bogdanovic,"$8,529,386 ",49,14.777777777777779
Bojan Bogdanović,SF,30,UTAH JAZZ,20,20,662,145,306,61,136,67,77,14,74,41,15,4,55,40,1.1,61.5,0.5,1.7,47.4,44.9,87.0,Bojan Bogdanovic,"$17,000,000 ",88,20.9
Jonah Bolden,PF,24,PHILADELPHIA 76ERS,2,0,5,1,1,0,0,0,2,0,0,0,1,0,1,0,-5.4,53.2,0.0,0.0,100.0,0.0,0.0,Jonah Bolden,"$1,698,450 ",0,1.0
Isaac Bonga,SF,20,WASHINGTON WIZARDS,13,7,199,21,41,4,10,7,10,10,24,16,8,2,7,26,-1.2,58.4,0.0,0.3,51.2,40.0,70.0,Isaac Bonga,"$1,663,861 ",34,4.076923076923077
Devin Booker,SG,23,PHOENIX SUNS,19,19,676,165,325,42,103,92,97,10,60,118,11,7,79,60,1.1,63.1,0.5,1.7,50.8,40.8,94.8,Devin Booker,"$27,250,000 ",70,24.42105263157895
Chris Boucher,PF,27,TORONTO RAPTORS,17,0,218,36,81,8,28,20,29,38,42,10,7,15,7,26,4.0,53.300000000000004,0.3,1.0,44.4,28.6,69.0,Chris Boucher,"$1,588,231 ",80,5.882352941176471
Avery Bradley,SG,29,LOS ANGELES LAKERS,10,10,274,41,84,8,28,6,8,7,25,18,10,1,11,26,-1.5,54.800000000000004,0.0,0.5,48.8,28.6,75.0,Avery Bradley,"$6,767,000 ",32,9.6
Tony Bradley,C,22,UTAH JAZZ,15,2,150,29,44,0,0,11,16,19,34,4,2,7,7,28,1.1,67.60000000000001,0.1,0.7,65.9,0.0,68.8,Tony Bradley,"$1,962,360 ",53,4.6
Ignas Brazdeikis,SF,21,NEW YORK KNICKS,6,0,42,5,19,1,7,3,4,2,2,1,0,1,2,2,-13.4,33.7,-0.1,-0.2,26.3,14.3,75.0,Ignas Brazdeikis,"$898,310 ",4,2.3333333333333335
Mikal Bridges,SF,23,PHOENIX SUNS,19,0,386,43,96,7,31,25,31,17,53,20,27,6,10,34,1.3,53.800000000000004,0.3,0.9,44.8,22.6,80.6,Mikal Bridges,"$4,161,000 ",70,6.2105263157894735
Miles Bridges,SF,21,CHARLOTTE HORNETS,22,22,687,111,248,34,97,24,32,32,91,43,11,16,35,47,-2.3,53.400000000000006,0.0,0.4,44.8,35.1,75.0,Miles Bridges,"$3,755,400 ",123,12.727272727272727
Ryan Broekhoff,SG,29,DALLAS MAVERICKS,4,0,25,4,8,4,5,0,0,0,5,3,1,0,1,1,2.6,75.0,0.0,0.1,50.0,80.0,0.0,Ryan Broekhoff,"$1,443,842 ",5,3.0
Malcolm Brogdon,PG,27,INDIANA PACERS,17,17,541,121,252,24,73,63,66,11,73,136,15,4,51,36,4.0,58.5,0.8,2.2,48.0,32.9,95.5,Malcolm Brogdon,"$20,000,000 ",84,19.352941176470587
Dillon Brooks,SG,24,MEMPHIS GRIZZLIES,20,20,554,99,248,36,91,39,48,23,50,42,19,7,27,78,-2.7,50.7,-0.1,0.4,39.9,39.6,81.2,Dillon Brooks,"$1,618,520 ",73,13.65
Bruce Brown,SG,23,DETROIT PISTONS,20,16,542,62,141,11,32,20,35,15,68,73,20,10,38,56,-1.7,49.6,0.0,0.4,44.0,34.4,57.1,Bruce Brown,"$1,416,852 ",83,7.75
Jaylen Brown,SF,23,BOSTON CELTICS,16,16,534,117,237,29,80,45,63,19,95,32,20,5,26,50,1.3,58.199999999999996,0.4,1.7,49.4,36.2,71.4,Jaylen Brown,"$6,534,829 ",114,19.25
Sterling Brown,SF,24,MILWAUKEE BUCKS,15,0,255,31,74,15,40,10,13,11,64,22,8,2,15,21,-0.3,54.6,0.1,0.6,41.9,37.5,76.9,Sterling Brown,"$1,618,520 ",75,5.8
Troy Brown,SG,20,WASHINGTON WIZARDS,15,11,316,44,101,7,26,10,12,21,53,28,18,2,17,21,-1.5,49.4,0.0,0.2,43.6,26.9,83.3,Troy Brown,"$3,219,480 ",74,7.0
Jalen Brunson,PG,23,DALLAS MAVERICKS,19,3,315,54,119,10,38,20,29,12,36,52,10,0,19,26,-1.4,52.400000000000006,0.0,0.7,45.4,26.3,69.0,Jalen Brunson,"$1,416,582 ",48,7.2631578947368425
Thomas Bryant,C,22,WASHINGTON WIZARDS,18,18,511,101,184,10,35,39,53,42,111,48,8,18,24,44,1.6,60.5,0.5,1.4,54.9,28.6,73.6,Thomas Bryant,"$7,936,508 ",153,13.944444444444445
Trey Burke,PG,27,PHILADELPHIA 76ERS,7,0,122,16,45,5,13,6,8,4,7,23,3,1,4,5,-3.9,44.3,-0.1,0.2,35.6,38.5,75.0,Trey Burke,"$2,028,594 ",11,6.142857142857143
Alec Burks,SG,28,GOLDEN STATE WARRIORS,19,10,553,94,236,27,80,70,80,13,71,52,18,6,27,43,-2.7,52.5,-0.1,0.7,39.8,33.8,87.5,Alec Burks,"$2,320,044 ",84,15.0
Deonte Burton,SG,26,OKLAHOMA CITY THUNDER,11,0,93,13,32,5,16,3,4,3,18,3,1,1,3,11,-6.0,50.4,-0.1,0.1,40.6,31.2,75.0,Deonte Burton,"$1,416,852 ",21,3.090909090909091
Jimmy Butler,SF,30,MIAMI HEAT,15,15,501,80,193,10,42,112,129,29,53,95,37,12,36,19,6.0,56.49999999999999,1.0,2.6,41.5,23.8,86.8,Jimmy Butler,"$32,742,000 ",82,18.8
Bruno Caboclo,SF,24,MEMPHIS GRIZZLIES,12,0,130,20,50,3,18,2,3,11,20,7,7,9,7,16,-1.6,43.8,0.0,0.0,40.0,16.7,66.7,Bruno Caboclo,"$1,845,301 ",31,3.75
Kentavious Caldwell-Pope,SG,26,LOS ANGELES LAKERS,20,10,464,61,137,23,57,14,18,9,36,29,14,3,16,36,-1.7,54.900000000000006,0.0,0.9,44.5,40.4,77.8,Kentavious Caldwell-Pope,"$8,089,282 ",45,7.95
Vlatko Čančar,SF,22,DENVER NUGGETS,1,0,2,0,0,0,0,0,0,0,0,0,0,0,0,0,-5.1,0.0,0.0,0.0,0.0,0.0,0.0,Vlatko Cancar,"$1,517,981 ",0,0.0
Clint Capela,C,25,HOUSTON ROCKETS,15,15,478,100,157,0,0,19,43,56,164,15,13,30,23,43,0.8,62.2,0.3,1.9,63.7,0.0,44.2,Clint Capela,"$16,456,522 ",220,14.6
DeMarre Carroll,SF,33,SAN ANTONIO SPURS,10,0,112,7,25,3,12,8,10,7,20,10,1,2,5,15,-4.7,42.5,-0.1,0.0,28.0,25.0,80.0,DeMarre Carroll,"$7,000,000 ",27,2.5
Jevon Carter,PG,24,PHOENIX SUNS,14,2,206,22,52,14,33,4,4,3,22,24,12,5,15,22,-0.1,57.699999999999996,0.1,0.3,42.3,42.4,100.0,Jevon Carter,"$1,416,852 ",25,4.428571428571429
Vince Carter,SF,43,ATLANTA HAWKS,16,0,243,30,89,15,60,6,8,3,30,12,6,4,10,28,-6.4,43.8,-0.3,-0.2,33.7,25.0,75.0,Vince Carter,"$2,564,753 ",33,5.0625
Wendell Carter,C,20,CHICAGO BULLS,21,21,616,103,182,2,14,56,81,77,127,19,15,16,31,85,0.0,60.699999999999996,0.3,2.0,56.6,14.3,69.1,Wendell Carter,"$5,201,400 ",204,12.571428571428571
Michael Carter-Williams,SG,28,ORLANDO MAGIC,10,0,149,14,47,3,17,16,20,11,20,13,8,6,8,17,-0.9,42.1,0.0,0.2,29.8,17.6,80.0,Michael Carter-Williams,"$2,028,594 ",31,4.7
Alex Caruso,PG,25,LOS ANGELES LAKERS,18,0,363,36,85,12,39,6,10,2,31,36,19,6,20,24,-1.5,50.3,0.0,0.4,42.4,30.8,60.0,Alex Caruso,"$2,750,000 ",33,5.0
Willie Cauley-Stein,C,26,GOLDEN STATE WARRIORS,19,18,426,64,119,0,0,14,19,26,96,31,21,22,18,57,0.2,55.7,0.2,0.9,53.8,0.0,73.7,Willie Cauley-Stein,"$2,177,483 ",122,7.473684210526316
Tyson Chandler,C,37,HOUSTON ROCKETS,17,4,155,12,16,0,0,5,9,18,29,6,5,7,6,22,1.4,72.6,0.1,0.5,75.0,0.0,55.6,Tyson Chandler,"$2,564,753 ",47,1.7058823529411764
Marquese Chriss,PF,22,GOLDEN STATE WARRIORS,21,1,382,55,115,3,17,41,48,30,70,45,17,21,33,45,0.6,56.599999999999994,0.2,0.7,47.8,17.6,85.4,Marquese Chriss,"$1,678,854 ",100,7.333333333333333
Gary Clark,PF,25,HOUSTON ROCKETS,6,0,64,8,19,5,15,0,0,5,10,5,1,1,0,5,0.5,55.300000000000004,0.0,0.2,42.1,33.3,0.0,Gary Clark,"$1,416,852 ",15,3.5
Brandon Clarke,PF,23,MEMPHIS GRIZZLIES,18,2,381,92,146,10,22,19,23,24,82,23,9,17,19,31,2.3,68.2,0.4,1.3,63.0,45.5,82.6,Brandon Clarke,"$2,478,840 ",106,11.833333333333334
Jordan Clarkson,SG,27,CLEVELAND CAVALIERS,19,0,427,87,208,33,93,62,70,11,32,48,11,6,24,23,0.1,56.3,0.2,1.0,41.8,35.5,88.6,Jordan Clarkson,"$13,437,500 ",43,14.157894736842104
Nicolas Claxton,PF,20,BROOKLYN NETS,9,0,119,11,21,0,5,5,12,8,14,11,1,5,6,10,-2.4,51.4,0.0,0.1,52.4,0.0,41.7,Nicolas Claxton,"$898,310 ",22,3.0
John Collins,PF,22,ATLANTA HAWKS,5,5,161,32,61,9,19,12,17,10,34,8,5,10,7,17,1.7,62.1,0.2,0.5,52.5,47.4,70.6,John Collins,"$2,686,560 ",44,17.0
Zach Collins,PF,22,PORTLAND TRAIL BLAZERS,3,3,86,9,19,3,7,6,6,4,8,6,0,2,6,11,-2.6,62.4,0.0,0.1,47.4,42.9,100.0,Zach Collins,"$4,240,200 ",12,9.0
Mike Conley,PG,32,UTAH JAZZ,21,21,628,97,263,40,107,58,73,16,57,96,15,4,44,45,-1.0,49.5,0.2,0.9,36.9,37.4,79.5,Mike Conley,"$32,511,623 ",73,13.904761904761905
Pat Connaughton,SG,27,MILWAUKEE BUCKS,19,0,342,40,84,15,48,12,16,9,69,35,5,10,10,20,1.7,58.8,0.3,1.1,47.6,31.2,75.0,Pat Connaughton,"$1,723,050 ",78,5.631578947368421
Quinn Cook,PG,26,LOS ANGELES LAKERS,17,0,242,39,89,12,33,4,5,4,18,28,6,1,14,10,-4.2,51.5,-0.1,0.3,43.8,36.4,80.0,Quinn Cook,"$3,000,000 ",22,5.529411764705882
Robert Covington,PF,29,MINNESOTA TIMBERWOLVES,18,18,492,73,165,35,99,37,42,13,84,21,25,18,29,51,0.7,59.4,0.3,1.1,44.2,35.4,88.1,Robert Covington,"$11,301,219 ",97,12.11111111111111
Allen Crabbe,SG,27,ATLANTA HAWKS,10,1,189,20,54,8,33,5,7,5,22,9,5,2,4,7,-4.5,46.400000000000006,-0.1,0.0,37.0,24.2,71.4,Allen Crabbe,"$18,500,000 ",27,5.3
Torrey Craig,SF,29,DENVER NUGGETS,13,2,187,14,41,4,20,4,9,9,26,15,5,11,5,26,0.1,40.0,0.1,0.3,34.1,20.0,44.4,Torrey Craig,"$2,100,000 ",35,2.769230769230769
Jae Crowder,SF,29,MEMPHIS GRIZZLIES,20,20,618,71,178,43,128,27,39,16,104,54,16,8,29,41,-0.4,54.300000000000004,0.2,0.6,39.9,33.6,69.2,Jae Crowder,"$7,815,533 ",120,10.6
Jarrett Culver,SG,20,MINNESOTA TIMBERWOLVES,19,9,450,68,183,21,75,17,42,19,42,43,18,9,27,42,-4.1,43.2,-0.2,-0.1,37.2,28.0,40.5,Jarrett Culver,"$5,813,640 ",61,9.157894736842104
Seth Curry,SG,29,DALLAS MAVERICKS,17,9,350,43,102,24,65,22,24,6,20,26,9,3,13,29,-1.0,58.599999999999994,0.1,0.7,42.2,36.9,91.7,Seth Curry,"$7,441,860 ",26,7.764705882352941
Stephen Curry,PG,31,GOLDEN STATE WARRIORS,4,4,112,27,66,9,37,18,18,4,16,26,5,2,15,10,3.3,54.800000000000004,0.2,0.2,40.9,24.3,100.0,Stephen Curry,"$40,231,758 ",20,20.25
Troy Daniels,SG,28,LOS ANGELES LAKERS,15,0,228,27,76,17,55,3,3,3,17,6,5,1,5,9,-4.6,47.9,-0.2,0.2,35.5,30.9,100.0,Troy Daniels,"$2,028,594 ",20,4.933333333333334
Anthony Davis,PF,26,LOS ANGELES LAKERS,19,19,657,172,359,22,64,130,149,49,127,65,28,53,47,45,6.7,58.4,1.4,3.5,47.9,34.4,87.2,Anthony Davis,"$27,093,019 ",176,26.105263157894736
Ed Davis,C,30,UTAH JAZZ,9,0,108,5,13,0,0,2,4,13,32,4,2,6,9,21,-2.0,40.699999999999996,0.0,0.1,38.5,0.0,50.0,Ed Davis,"$4,767,000 ",45,1.3333333333333333
Terence Davis,SG,22,TORONTO RAPTORS,19,0,302,49,97,23,52,12,13,11,47,39,8,5,13,38,3.7,64.7,0.4,1.3,50.5,44.2,92.3,Terence Davis,"$898,310 ",58,7.0
Dewayne Dedmon,C,30,SACRAMENTO KINGS,19,4,284,40,97,10,45,11,13,26,54,8,9,9,29,49,-5.1,49.2,-0.2,-0.1,41.2,22.2,84.6,Dewayne Dedmon,"$13,333,334 ",80,5.315789473684211
Matthew Dellavedova,PG,29,CLEVELAND CAVALIERS,17,0,232,13,52,3,31,12,13,4,20,38,7,1,15,27,-6.1,35.5,-0.2,-0.3,25.0,9.7,92.3,Matthew Dellavedova,"$9,607,500 ",24,2.411764705882353
DeMar DeRozan,SF,30,SAN ANTONIO SPURS,21,21,706,175,333,2,8,102,125,10,105,95,20,11,53,60,-0.4,58.5,0.3,1.7,52.6,25.0,81.6,DeMar DeRozan,"$27,739,975 ",115,21.61904761904762
Cheick Diallo,C,23,PHOENIX SUNS,13,0,124,31,39,0,0,8,9,10,26,7,0,4,6,13,2.2,81.5,0.1,0.6,79.5,0.0,88.9,Cheick Diallo,"$1,678,854 ",36,5.384615384615385
Hamidou Diallo,SF,21,OKLAHOMA CITY THUNDER,12,1,256,46,92,2,13,11,18,14,32,10,18,4,14,29,-1.5,52.5,0.0,0.4,50.0,15.4,61.1,Hamidou Diallo,"$1,416,852 ",46,8.75
Gorgui Dieng,C,30,MINNESOTA TIMBERWOLVES,15,2,190,31,68,8,24,12,16,15,51,19,11,17,9,20,4.6,54.6,0.3,0.7,45.6,33.3,75.0,Gorgui Dieng,"$16,229,213 ",66,5.466666666666667
Spencer Dinwiddie,SG,26,BROOKLYN NETS,20,9,582,132,313,40,123,109,125,3,52,117,16,11,49,69,0.6,56.10000000000001,0.4,1.8,42.2,32.5,87.2,Spencer Dinwiddie,"$10,600,000 ",55,20.65
Donte DiVincenzo,SG,23,MILWAUKEE BUCKS,18,10,377,60,139,25,69,12,18,16,59,27,26,3,18,32,1.5,53.400000000000006,0.3,1.0,43.2,36.2,66.7,Donte DiVincenzo,"$2,905,800 ",75,8.722222222222221
Luka Dončić,PG,20,DALLAS MAVERICKS,19,19,648,187,387,59,179,148,179,29,159,183,29,3,88,49,14.2,62.4,2.7,4.1,48.3,33.0,82.7,Luka Doncic,"$7,683,360 ",188,30.57894736842105
Damyean Dotson,SG,25,NEW YORK KNICKS,17,0,278,39,95,16,53,10,13,2,25,18,9,4,10,16,-3.5,51.6,-0.1,0.2,41.1,30.2,76.9,Damyean Dotson,"$1,618,520 ",27,6.117647058823529
Sekou Doumbouya,SF,19,DETROIT PISTONS,2,0,5,2,3,0,1,0,1,0,0,0,0,0,0,0,-10.2,58.099999999999994,0.0,0.0,66.7,0.0,0.0,Sekou Doumbouya,"$3,285,120 ",0,2.0
Goran Dragić,PG,33,MIAMI HEAT,18,1,517,97,208,39,96,54,76,6,52,90,12,4,47,32,0.1,59.4,0.3,1.5,46.6,40.6,71.1,Goran Dragic,"$19,217,900 ",58,15.944444444444445
Andre Drummond,C,26,DETROIT PISTONS,20,20,682,144,265,0,10,53,85,93,248,62,30,36,79,80,3.2,56.39999999999999,0.9,1.9,54.3,0.0,62.4,Andre Drummond,"$27,093,019 ",341,17.05
Jared Dudley,SF,34,LOS ANGELES LAKERS,12,0,89,4,10,4,7,2,2,1,8,9,4,1,2,8,-0.2,64.3,0.0,0.2,40.0,57.1,100.0,Jared Dudley,"$2,564,753 ",9,1.1666666666666667
Kris Dunn,PG,25,CHICAGO BULLS,21,2,440,57,136,7,43,9,13,9,55,65,41,6,21,69,0.8,45.9,0.3,0.7,41.9,16.3,69.2,Kris Dunn,"$5,348,007 ",64,6.190476190476191
Carsen Edwards,SG,21,BOSTON CELTICS,17,0,192,23,75,14,44,9,11,5,27,16,6,2,8,18,-4.0,43.2,-0.1,0.1,30.7,31.8,81.8,Carsen Edwards,"$1,200,000 ",32,4.0588235294117645
Wayne Ellington,SG,32,NEW YORK KNICKS,17,1,246,25,78,21,68,4,6,1,27,15,2,2,11,20,-6.1,46.5,-0.3,-0.2,32.1,30.9,66.7,Wayne Ellington,"$7,804,878 ",28,4.411764705882353
Joel Embiid,C,25,PHILADELPHIA 76ERS,17,17,511,123,271,20,64,115,141,44,164,49,15,24,49,60,3.5,57.199999999999996,0.7,2.2,45.4,31.2,81.6,Joel Embiid,"$27,504,630 ",208,22.41176470588235
James Ennis,SF,29,PHILADELPHIA 76ERS,21,0,361,54,107,20,47,29,38,26,48,16,12,6,14,39,1.4,63.4,0.3,1.4,50.5,42.6,76.3,James Ennis,"$1,882,867 ",74,7.476190476190476
Jacob Evans,SG,22,GOLDEN STATE WARRIORS,3,0,43,5,12,4,8,4,4,1,4,2,0,0,1,2,-4.6,65.4,0.0,0.1,41.7,50.0,100.0,Jacob Evans,"$1,925,880 ",5,6.0
Dante Exum,SG,24,UTAH JAZZ,8,0,59,7,14,2,4,2,2,3,5,5,1,2,6,6,-2.2,60.5,0.0,0.1,50.0,50.0,100.0,Dante Exum,"$9,600,000 ",8,2.25
Derrick Favors,C,28,NEW ORLEANS PELICANS,9,7,189,36,58,1,2,2,6,31,49,19,5,4,14,21,2.0,61.8,0.2,0.6,62.1,50.0,33.3,Derrick Favors,"$16,900,000 ",80,8.333333333333334
Terrance Ferguson,SF,21,OKLAHOMA CITY THUNDER,18,18,465,36,85,21,59,7,9,11,22,17,10,6,12,54,-1.1,56.2,0.1,0.5,42.4,35.6,77.8,Terrance Ferguson,"$2,475,840 ",33,5.555555555555555
Bruno Fernando,C,21,ATLANTA HAWKS,21,0,267,39,71,4,14,13,22,26,36,24,5,9,21,35,-1.3,58.9,0.0,0.3,54.9,28.6,59.1,Bruno Fernando,"$1,400,000 ",62,4.523809523809524
Yogi Ferrell,PG,26,SACRAMENTO KINGS,15,0,195,25,60,7,21,15,17,4,19,24,6,1,11,14,-3.2,53.300000000000004,-0.1,0.3,41.7,33.3,88.2,Yogi Ferrell,"$3,150,000 ",23,4.8
Dorian Finney-Smith,PF,26,DALLAS MAVERICKS,19,16,502,60,128,23,69,23,33,35,63,17,11,7,18,36,0.4,58.199999999999996,0.3,1.1,46.9,33.3,69.7,Dorian Finney-Smith,"$4,000,000 ",98,8.736842105263158
Bryn Forbes,SG,26,SAN ANTONIO SPURS,21,21,563,91,230,49,142,31,34,7,46,41,11,0,14,37,-2.7,53.5,-0.1,0.6,39.6,34.5,91.2,Bryn Forbes,"$2,875,000 ",53,12.476190476190476
Evan Fournier,SG,27,ORLANDO MAGIC,19,19,583,126,264,49,115,63,74,2,55,62,20,3,40,41,1.9,61.4,0.6,1.8,47.7,42.6,85.1,Evan Fournier,"$17,000,000 ",57,19.157894736842106
De'Aaron Fox,PG,22,SACRAMENTO KINGS,9,9,288,55,128,10,30,44,62,5,31,63,7,5,37,27,-1.9,52.800000000000004,0.0,0.3,43.0,33.3,71.0,De'Aaron Fox,"$6,392,760 ",36,18.22222222222222
Melvin Frazier,SG,23,ORLANDO MAGIC,3,0,8,1,5,0,1,0,0,1,0,1,0,0,0,0,-13.4,20.0,0.0,0.0,20.0,0.0,0.0,Melvin Frazier,"$1,416,852 ",1,0.6666666666666666
Tim Frazier,PG,29,DETROIT PISTONS,11,4,129,8,39,3,13,11,14,3,7,33,8,1,12,17,-7.8,33.2,-0.2,-0.1,20.5,23.1,78.6,Tim Frazier,"$1,882,867 ",10,2.727272727272727
Markelle Fultz,PG,21,ORLANDO MAGIC,19,14,479,91,184,8,37,32,40,10,36,72,25,3,32,43,-0.2,55.1,0.2,1.1,49.5,21.6,80.0,Markelle Fultz,"$9,745,200 ",46,11.68421052631579
Wenyen Gabriel,PF,22,SACRAMENTO KINGS,7,0,47,5,16,1,8,5,9,4,4,3,2,2,3,6,-3.8,40.1,0.0,0.0,31.2,12.5,55.6,Wenyen Gabriel,"$898,310 ",8,2.2857142857142856
Daniel Gafford,C,21,CHICAGO BULLS,12,0,118,21,30,0,0,8,17,11,10,1,0,7,1,16,-1.3,66.7,0.0,0.4,70.0,0.0,47.1,Daniel Gafford,"$898,310 ",21,4.166666666666667
Danilo Gallinari,PF,31,OKLAHOMA CITY THUNDER,19,19,568,105,236,53,126,88,96,9,96,41,12,2,25,28,1.9,63.1,0.6,2.1,44.5,42.1,91.7,Danilo Gallinari,"$22,615,559 ",105,18.473684210526315
Langston Galloway,SG,28,DETROIT PISTONS,20,6,553,76,177,48,115,43,47,7,37,34,12,7,17,25,0.1,61.5,0.3,1.3,42.9,41.7,91.5,Langston Galloway,"$7,333,333 ",44,12.15
Darius Garland,PG,20,CLEVELAND CAVALIERS,19,19,536,78,205,32,84,20,24,4,25,59,16,0,50,25,-6.3,48.199999999999996,-0.6,-0.7,38.0,38.1,83.3,Darius Garland,"$6,400,920 ",29,10.947368421052632
Marc Gasol,C,35,TORONTO RAPTORS,19,19,540,38,118,23,62,17,21,13,111,66,9,19,25,61,0.9,45.6,0.4,1.0,32.2,37.1,81.0,Marc Gasol,"$25,595,700 ",124,6.105263157894737
Rudy Gay,PF,33,SAN ANTONIO SPURS,21,2,488,88,188,19,68,42,48,28,97,40,8,12,33,33,-1.3,56.699999999999996,0.1,0.7,46.8,27.9,87.5,Rudy Gay,"$14,000,000 ",125,11.285714285714286
Paul George,SF,29,LOS ANGELES CLIPPERS,10,10,295,73,169,38,97,50,53,6,57,36,14,4,37,23,4.2,60.8,0.5,1.1,43.2,39.2,94.3,Paul George,"$33,005,556 ",63,23.4
Taj Gibson,C,34,NEW YORK KNICKS,19,13,311,47,91,2,8,9,15,38,48,20,13,4,13,44,0.0,53.800000000000004,0.2,0.6,51.6,25.0,60.0,Taj Gibson,"$9,800,000 ",86,5.526315789473684
Harry Giles,PF,21,SACRAMENTO KINGS,7,0,52,11,25,0,0,2,2,3,4,5,2,3,5,13,-4.9,46.400000000000006,0.0,0.0,44.0,0.0,100.0,Harry Giles,"$2,578,800 ",7,3.4285714285714284
Shai Gilgeous-Alexander,SG,21,OKLAHOMA CITY THUNDER,19,19,652,129,295,28,78,60,77,15,81,58,18,10,42,35,-2.1,52.6,0.0,0.7,43.7,35.9,77.9,Shai Gilgeous-Alexander,"$3,952,920 ",96,18.210526315789473
Rudy Gobert,C,27,UTAH JAZZ,19,19,654,98,151,0,0,70,113,64,196,22,16,39,42,60,3.6,66.3,0.9,2.8,64.9,0.0,61.9,Rudy Gobert,"$25,008,427 ",260,14.0
Aaron Gordon,PF,24,ORLANDO MAGIC,16,16,488,71,181,17,62,40,55,25,77,46,11,8,22,39,-0.7,48.5,0.2,0.8,39.2,27.4,72.7,Aaron Gordon,"$19,863,636 ",102,12.4375
Eric Gordon,SG,31,HOUSTON ROCKETS,9,2,265,34,110,21,74,9,14,3,14,7,5,2,12,21,-7.8,42.199999999999996,-0.4,-0.4,30.9,28.4,64.3,Eric Gordon,"$14,057,730 ",17,10.88888888888889
Devonte' Graham,PG,24,CHARLOTTE HORNETS,22,12,737,131,321,72,182,63,78,19,59,169,12,5,70,35,-0.5,55.900000000000006,0.3,1.2,40.8,39.6,80.8,Devonte' Graham,"$1,416,852 ",78,18.045454545454547
Treveon Graham,SG,26,MINNESOTA TIMBERWOLVES,18,17,439,42,125,11,56,18,22,20,50,22,12,2,12,45,-4.2,42.0,-0.2,0.1,33.6,19.6,81.8,Treveon Graham,"$1,678,854 ",70,6.277777777777778
Jerami Grant,PF,25,DENVER NUGGETS,17,0,382,60,137,17,54,22,35,10,52,17,6,9,12,28,-2.0,52.2,0.0,0.8,43.8,31.5,62.9,Jerami Grant,"$9,346,153 ",62,9.352941176470589
Danny Green,SG,32,LOS ANGELES LAKERS,20,20,508,62,139,39,98,8,11,13,53,23,25,10,21,48,1.7,59.4,0.5,1.2,44.6,39.8,72.7,Danny Green,"$14,634,146 ",66,8.55
Draymond Green,PF,29,GOLDEN STATE WARRIORS,13,13,362,41,101,10,34,19,25,6,79,73,17,7,26,33,-1.2,49.6,0.1,0.4,40.6,29.4,76.0,Draymond Green,"$18,539,130 ",85,8.538461538461538
JaMychal Green,PF,29,LOS ANGELES CLIPPERS,21,0,464,55,132,34,89,18,21,29,115,10,13,7,20,52,-0.7,57.3,0.2,1.2,41.7,38.2,85.7,JaMychal Green,"$4,767,000 ",144,7.714285714285714
Javonte Green,SF,26,BOSTON CELTICS,13,0,84,17,31,3,10,2,5,3,9,3,4,0,3,10,-2.2,58.699999999999996,0.0,0.2,54.8,30.0,40.0,Javonte Green,"$898,310 ",12,3.0
Jeff Green,PF,33,UTAH JAZZ,21,1,394,51,137,23,75,43,54,8,52,12,10,10,24,35,-2.9,52.300000000000004,-0.1,0.4,37.2,30.7,79.6,Jeff Green,"$2,564,753 ",60,8.0
Blake Griffin,PF,30,DETROIT PISTONS,8,8,232,49,117,11,46,39,49,10,28,29,2,3,22,12,-2.7,53.400000000000006,0.0,0.3,41.9,23.9,79.6,Blake Griffin,"$34,234,964 ",38,18.5
Marko Guduric,SG,24,MEMPHIS GRIZZLIES,20,0,313,41,107,16,52,10,10,10,31,31,6,5,23,20,-5.1,48.5,-0.2,-0.2,38.3,30.8,100.0,Marko Guduric,"$2,625,000 ",41,5.4
Rui Hachimura,PF,21,WASHINGTON WIZARDS,18,18,493,104,214,8,35,24,29,29,72,28,14,3,15,38,-3.2,52.900000000000006,-0.1,0.6,48.6,22.9,82.8,Rui Hachimura,"$4,469,160 ",101,13.333333333333334
Tim Hardaway,SG,27,DALLAS MAVERICKS,19,6,463,81,196,43,118,36,45,5,34,34,11,2,11,40,-1.1,55.800000000000004,0.1,1.1,41.3,36.4,80.0,Tim Hardaway,"$18,150,000 ",39,12.68421052631579
James Harden,SG,30,HOUSTON ROCKETS,19,19,700,204,457,94,265,237,274,17,96,149,32,10,100,59,11.1,64.0,2.3,4.4,44.6,35.5,86.5,James Harden,"$37,800,000 ",113,38.89473684210526
Maurice Harkless,SF,26,LOS ANGELES CLIPPERS,21,11,464,49,96,11,29,11,22,19,44,24,22,17,20,65,2.2,56.8,0.5,1.0,51.0,37.9,50.0,Maurice Harkless,"$11,511,234 ",63,5.714285714285714
Montrezl Harrell,C,26,LOS ANGELES CLIPPERS,21,2,624,164,278,0,8,66,101,62,105,47,18,26,39,46,4.5,61.1,1.0,2.8,59.0,0.0,65.3,Montrezl Harrell,"$6,000,000 ",167,18.761904761904763
Gary Harris,SG,25,DENVER NUGGETS,17,17,549,71,172,25,72,22,29,9,47,30,22,6,16,38,-0.2,51.1,0.3,1.0,41.3,34.7,75.9,Gary Harris,"$17,839,286 ",56,11.117647058823529
Joe Harris,SF,28,BROOKLYN NETS,20,20,637,110,228,57,129,15,20,17,62,36,15,8,28,52,0.2,61.7,0.4,1.3,48.2,44.2,75.0,Joe Harris,"$7,670,000 ",79,14.6
Tobias Harris,PF,27,PHILADELPHIA 76ERS,21,21,719,153,313,26,88,55,71,14,137,66,22,16,45,62,0.9,56.2,0.5,1.9,48.9,29.5,77.5,Tobias Harris,"$31,034,483 ",151,18.428571428571427
Shaquille Harrison,SF,26,CHICAGO BULLS,12,4,117,17,43,3,9,8,14,5,22,17,5,4,5,14,-0.9,45.800000000000004,0.0,0.2,39.5,33.3,57.1,Shaquille Harrison,"$898,310 ",27,3.75
Josh Hart,SF,24,NEW ORLEANS PELICANS,13,4,366,51,115,29,77,25,32,17,69,19,17,6,19,35,0.7,60.4,0.3,0.8,44.3,37.7,78.1,Josh Hart,"$1,934,160 ",86,12.0
Isaiah Hartenstein,C,21,HOUSTON ROCKETS,7,0,94,11,15,0,1,9,11,8,17,4,2,4,6,15,0.3,78.10000000000001,0.1,0.3,73.3,0.0,81.8,Isaiah Hartenstein,"$1,416,852 ",25,4.428571428571429
Udonis Haslem,PF,39,MIAMI HEAT,2,0,11,1,1,0,0,3,4,0,3,0,0,0,0,3,-6.7,90.60000000000001,0.0,0.1,100.0,0.0,75.0,Udonis Haslem,"$2,564,753 ",3,2.5
Jaxson Hayes,C,19,NEW ORLEANS PELICANS,17,7,337,55,91,0,2,30,47,33,42,12,14,17,16,52,0.8,62.7,0.2,0.9,60.4,0.0,63.8,Jaxson Hayes,"$4,862,040 ",75,8.235294117647058
Gordon Hayward,SF,29,BOSTON CELTICS,8,8,249,61,110,13,30,16,19,6,51,33,6,2,15,15,3.6,63.800000000000004,0.4,1.1,55.5,43.3,84.2,Gordon Hayward,"$32,700,690 ",57,18.875
John Henson,PF,29,CLEVELAND CAVALIERS,1,0,8,1,2,0,1,1,6,2,1,0,2,2,1,0,6.1,32.300000000000004,0.0,0.0,50.0,0.0,16.7,John Henson,"$9,732,396 ",3,3.0
Dewan Hernandez,C,23,TORONTO RAPTORS,3,0,9,1,5,0,1,2,2,2,5,0,1,0,1,5,-21.7,34.0,0.0,0.0,20.0,0.0,100.0,Dewan Hernandez,"$898,310 ",7,1.3333333333333333
Juan Hernangómez,PF,24,DENVER NUGGETS,10,0,130,12,27,7,18,3,7,4,21,7,0,3,7,7,-2.9,56.49999999999999,0.0,0.2,44.4,38.9,42.9,Juan Hernangomez,"$3,321,030 ",25,3.4
Willy Hernangómez,C,25,CHARLOTTE HORNETS,7,0,57,9,20,2,5,4,8,9,12,2,1,3,5,4,-5.1,51.0,0.0,0.0,45.0,40.0,50.0,Willy Hernangomez,"$1,676,735 ",21,3.4285714285714284
Tyler Herro,SG,20,MIAMI HEAT,18,3,526,93,206,38,94,36,44,6,67,37,13,2,39,26,-2.1,57.699999999999996,0.0,0.9,45.1,40.4,81.8,Tyler Herro,"$3,640,200 ",73,14.444444444444445
Mario Hezonja,PF,24,PORTLAND TRAIL BLAZERS,18,4,328,30,83,10,29,19,23,11,72,18,12,2,18,41,-3.5,47.8,-0.1,0.2,36.1,34.5,82.6,Mario Hezonja,"$1,737,145 ",83,4.944444444444445
Buddy Hield,SG,27,SACRAMENTO KINGS,19,19,641,141,338,72,197,41,47,15,73,47,15,8,52,50,-0.9,55.1,0.2,0.6,41.7,36.5,87.2,Buddy Hield,"$4,861,208 ",88,20.789473684210527
George Hill,PG,33,MILWAUKEE BUCKS,19,0,413,66,123,32,61,25,31,19,36,61,14,2,13,32,4.3,69.19999999999999,0.7,2.2,53.7,52.5,80.6,George Hill,"$10,133,907 ",55,9.947368421052632
Solomon Hill,SF,28,MEMPHIS GRIZZLIES,18,1,339,43,93,23,52,10,16,11,49,29,15,1,15,29,-0.3,59.5,0.1,0.6,46.2,44.2,62.5,Solomon Hill,"$13,258,781 ",60,6.611111111111111
Aaron Holiday,PG,23,INDIANA PACERS,18,8,389,65,162,28,72,9,10,9,38,54,17,2,27,29,-0.9,50.2,0.1,0.5,40.1,38.9,90.0,Aaron Holiday,"$2,239,200 ",47,9.277777777777779
Jrue Holiday,SG,29,NEW ORLEANS PELICANS,18,18,651,138,313,35,98,38,48,20,70,127,36,13,61,44,0.7,52.2,0.4,0.9,44.1,35.7,79.2,Jrue Holiday,"$26,131,111 ",90,19.38888888888889
Justin Holiday,SG,30,INDIANA PACERS,20,2,505,54,129,33,83,19,23,8,67,33,20,13,13,36,2.6,57.49999999999999,0.6,1.4,41.9,39.8,82.6,Justin Holiday,"$4,767,000 ",75,8.0
Rondae Hollis-Jefferson,SF,25,TORONTO RAPTORS,12,0,269,46,81,0,2,24,32,33,42,21,10,5,14,25,3.6,61.0,0.4,1.2,56.8,0.0,75.0,Rondae Hollis-Jefferson,"$2,500,000 ",75,9.666666666666666
Richaun Holmes,C,26,SACRAMENTO KINGS,19,15,527,94,143,0,0,31,40,48,109,17,15,28,19,78,3.1,68.2,0.7,2.2,65.7,0.0,77.5,Richaun Holmes,"$4,767,000 ",157,11.526315789473685
Rodney Hood,SF,27,PORTLAND TRAIL BLAZERS,18,18,548,83,156,33,65,21,27,9,55,28,16,4,17,41,1.2,65.5,0.4,1.4,53.2,50.8,77.8,Rodney Hood,"$5,718,000 ",64,12.222222222222221
Al Horford,C,33,PHILADELPHIA 76ERS,19,19,596,112,232,28,75,24,35,37,97,78,20,19,22,41,4.7,55.800000000000004,1.0,2.3,48.3,37.3,68.6,Al Horford,"$28,000,000 ",134,14.526315789473685
Danuel House,SF,26,HOUSTON ROCKETS,14,13,416,55,116,36,81,27,34,16,48,16,18,10,13,28,2.7,66.10000000000001,0.5,1.4,47.4,44.4,79.4,Danuel House,"$3,540,000 ",64,12.357142857142858
Dwight Howard,C,34,LOS ANGELES LAKERS,20,0,398,54,72,0,0,27,49,42,96,17,7,28,22,78,3.1,72.1,0.5,1.7,75.0,0.0,55.1,Dwight Howard,"$5,603,850 ",138,6.75
Kevin Huerter,SG,21,ATLANTA HAWKS,10,3,225,32,75,17,44,12,15,6,29,28,6,3,17,21,-1.9,56.99999999999999,0.0,0.2,42.7,38.6,80.0,Kevin Huerter,"$2,636,280 ",35,9.3
De'Andre Hunter,SF,22,ATLANTA HAWKS,21,21,665,91,230,36,99,38,48,11,75,36,13,5,38,55,-4.9,51.0,-0.5,-0.2,39.6,36.4,79.2,De'Andre Hunter,"$7,068,360 ",86,12.19047619047619
Chandler Hutchison,SF,23,CHICAGO BULLS,9,6,154,20,44,5,12,19,29,1,32,8,5,2,12,12,-4.9,56.39999999999999,-0.1,0.2,45.5,41.7,65.5,Chandler Hutchison,"$2,332,320 ",33,7.111111111111111
Serge Ibaka,C,30,TORONTO RAPTORS,9,0,204,49,98,7,21,20,24,8,48,9,6,10,20,23,-2.1,57.599999999999994,0.0,0.4,50.0,33.3,83.3,Serge Ibaka,"$23,271,604 ",56,13.88888888888889
Ersan İlyasova,PF,32,MILWAUKEE BUCKS,19,0,305,45,93,14,46,22,27,24,66,11,8,6,6,33,1.0,60.099999999999994,0.2,1.3,48.4,30.4,81.5,Ersan Ilyasova,"$7,000,000 ",90,6.631578947368421
Joe Ingles,SF,32,UTAH JAZZ,21,1,578,52,143,29,94,21,28,5,85,74,17,2,29,46,0.2,49.6,0.3,0.9,36.4,30.9,75.0,Joe Ingles,"$11,954,546 ",90,7.333333333333333
Brandon Ingram,PF,22,NEW ORLEANS PELICANS,16,16,545,148,303,38,91,74,91,14,104,64,12,17,46,46,1.8,59.5,0.5,1.5,48.8,41.8,81.3,Brandon Ingram,"$7,265,485 ",118,25.5
Kyrie Irving,PG,27,BROOKLYN NETS,11,11,372,112,252,31,91,59,63,10,49,79,12,6,26,32,6.4,56.10000000000001,0.8,1.6,44.4,34.1,93.7,Kyrie Irving,"$31,742,000 ",59,28.545454545454547
Jonathan Isaac,SF,22,ORLANDO MAGIC,17,17,521,84,181,22,64,32,39,32,96,24,24,48,27,41,4.5,56.00000000000001,0.9,1.6,46.4,34.4,82.1,Jonathan Isaac,"$5,806,440 ",128,13.058823529411764
Wesley Iwundu,SF,25,ORLANDO MAGIC,10,3,142,8,33,1,9,15,18,4,17,7,5,2,4,8,-5.2,39.1,-0.1,0.1,24.2,11.1,83.3,Wesley Iwundu,"$1,618,520 ",21,3.2
Frank Jackson,PG,21,NEW ORLEANS PELICANS,18,1,284,49,126,20,60,24,30,5,22,20,8,1,18,30,-6.1,51.0,-0.3,0.0,38.9,33.3,80.0,Frank Jackson,"$1,618,520 ",27,7.888888888888889
Jaren Jackson,C,20,MEMPHIS GRIZZLIES,19,19,508,108,234,39,101,44,53,24,67,26,9,21,34,77,-1.0,58.099999999999994,0.1,0.8,46.2,38.6,83.0,Jaren Jackson,"$6,927,480 ",91,15.736842105263158
Justin Jackson,PF,24,DALLAS MAVERICKS,18,0,237,44,88,21,45,9,11,7,36,7,3,2,4,19,-1.4,63.6,0.0,0.7,50.0,46.7,81.8,Justin Jackson,"$3,280,920 ",43,6.555555555555555
Reggie Jackson,PG,29,DETROIT PISTONS,2,2,36,4,11,1,5,1,1,1,4,8,0,0,1,2,-5.0,43.7,0.0,0.1,36.4,20.0,100.0,Reggie Jackson,"$18,086,956 ",5,5.0
Justin James,SG,23,SACRAMENTO KINGS,10,0,132,18,41,3,13,1,6,2,16,8,4,5,5,10,-3.9,45.800000000000004,-0.1,0.0,43.9,23.1,16.7,Justin James,"$898,310 ",18,4.0
LeBron James,PG,35,LOS ANGELES LAKERS,20,20,697,198,395,40,116,77,113,19,124,217,29,12,76,31,9.5,57.699999999999996,2.0,3.5,50.1,34.5,68.1,LeBron James,"$37,436,858 ",143,25.65
Amile Jefferson,PF,26,ORLANDO MAGIC,3,0,9,3,3,0,0,0,0,2,1,2,0,0,1,0,11.8,100.0,0.0,0.1,100.0,0.0,0.0,Amile Jefferson,"$1,355,851 ",3,2.0
Ty Jerome,[<Position.GUARD: 'GUARD'>],22,PHOENIX SUNS,1,0,12,2,4,0,1,0,0,0,3,4,3,0,0,4,13.7,50.0,0.0,0.1,50.0,0.0,0.0,Ty Jerome,"$2,193,480 ",3,4.0
Alize Johnson,SF,23,INDIANA PACERS,8,0,37,5,11,0,0,3,4,6,6,2,0,0,1,4,-2.8,50.9,0.0,0.1,45.5,0.0,75.0,Alize Johnson,"$1,416,852 ",12,1.625
Cameron Johnson,PF,23,PHOENIX SUNS,17,0,317,50,117,30,77,16,17,14,34,13,9,5,11,27,-0.3,58.599999999999994,0.1,0.6,42.7,39.0,94.1,Cameron Johnson,"$4,033,440 ",48,8.588235294117647
James Johnson,PF,32,MIAMI HEAT,6,0,68,8,18,2,9,2,4,2,9,4,3,2,4,5,-1.9,50.6,0.0,0.1,44.4,22.2,50.0,James Johnson,"$15,349,400 ",11,3.3333333333333335
Keldon Johnson,SF,20,SAN ANTONIO SPURS,1,0,2,0,1,0,0,0,0,0,0,0,0,0,0,0,-27.9,0.0,0.0,0.0,0.0,0.0,0.0,Keldon Johnson,"$1,950,600 ",0,0.0
Stanley Johnson,PF,23,TORONTO RAPTORS,5,0,19,3,9,1,4,0,0,2,5,0,1,0,4,6,-19.7,38.9,-0.1,-0.1,33.3,25.0,0.0,Stanley Johnson,"$3,623,000 ",7,1.4
Tyler Johnson,SG,27,PHOENIX SUNS,18,3,360,44,110,18,54,18,24,5,30,41,6,6,19,28,-3.3,51.4,-0.1,0.2,40.0,33.3,75.0,Tyler Johnson,"$19,245,370 ",35,6.888888888888889
Nikola Jokić,C,24,DENVER NUGGETS,17,17,527,108,236,16,69,33,43,37,139,102,19,9,45,56,5.5,52.0,1.0,1.7,45.8,23.2,76.7,Nikola Jokic,"$26,573,595 ",176,15.588235294117647
Damian Jones,C,24,ATLANTA HAWKS,20,12,369,60,87,2,5,25,34,32,43,15,10,16,14,69,1.6,72.1,0.3,1.2,69.0,40.0,73.5,Damian Jones,"$2,305,057 ",75,7.35
Derrick Jones,SF,22,MIAMI HEAT,5,0,58,12,20,1,4,3,3,3,5,2,3,0,2,11,-0.3,65.7,0.0,0.2,60.0,25.0,100.0,Derrick Jones,"$1,645,357 ",8,5.6
Tyus Jones,PG,23,MEMPHIS GRIZZLIES,20,3,403,49,130,6,31,16,23,0,30,95,16,2,26,18,-7.1,42.8,-0.5,0.0,37.7,19.4,69.6,Tyus Jones,"$8,408,000 ",30,6.0
DeAndre Jordan,C,31,BROOKLYN NETS,17,3,366,57,83,0,0,22,36,38,118,34,8,18,17,36,3.8,68.8,0.5,1.7,68.7,0.0,61.1,DeAndre Jordan,"$9,881,598 ",156,8.0
Cory Joseph,PG,28,SACRAMENTO KINGS,19,10,469,41,113,6,28,13,13,11,41,76,14,11,26,42,-3.1,42.5,-0.1,0.2,36.3,21.4,100.0,Cory Joseph,"$12,000,000 ",52,5.315789473684211
Mfiondu Kabengele,C,22,LOS ANGELES CLIPPERS,5,0,19,4,9,3,5,2,2,0,3,0,0,1,0,3,-3.5,65.8,0.0,0.1,44.4,60.0,100.0,Mfiondu Kabengele,"$1,977,000 ",3,2.6
Frank Kaminsky,C,26,PHOENIX SUNS,19,6,449,64,159,19,70,41,62,17,84,41,5,9,21,40,-2.1,50.5,0.0,0.5,40.3,27.1,66.1,Frank Kaminsky,"$4,767,000 ",101,9.894736842105264
Enes Kanter,C,27,BOSTON CELTICS,12,3,197,36,63,0,1,21,33,35,43,13,9,6,10,14,4.1,60.0,0.3,1.0,57.1,0.0,63.6,Enes Kanter,"$4,767,000 ",78,7.75
Luke Kennard,SG,23,DETROIT PISTONS,20,17,675,115,257,54,134,54,61,5,66,86,9,4,27,45,0.3,59.5,0.4,1.9,44.7,40.3,88.5,Luke Kennard,"$3,827,160 ",71,16.9
Stanton Kidd,SF,27,UTAH JAZZ,4,0,15,0,3,0,1,0,0,0,3,1,0,0,2,3,-15.5,0.0,-0.1,-0.1,0.0,0.0,0.0,Stanton Kidd,"$898,310 ",3,0.0
Michael Kidd-Gilchrist,PF,26,CHARLOTTE HORNETS,2,0,18,2,10,1,3,2,2,1,5,1,0,0,1,3,-17.1,32.2,-0.1,-0.1,20.0,33.3,100.0,Michael Kidd-Gilchrist,"$13,000,000 ",6,3.5
Maxi Kleber,C,28,DALLAS MAVERICKS,18,5,455,49,118,26,72,19,22,28,80,19,4,13,12,38,0.2,56.00000000000001,0.2,1.0,41.5,36.1,86.4,Maxi Kleber,"$8,000,000 ",108,7.944444444444445
Brandon Knight,PG,28,CLEVELAND CAVALIERS,6,0,76,11,32,9,26,2,4,1,6,12,2,0,6,8,-4.0,48.9,0.0,0.0,34.4,34.6,50.0,Brandon Knight,"$15,643,750 ",7,5.5
Kevin Knox,SF,20,NEW YORK KNICKS,20,3,402,50,135,26,74,31,47,10,50,26,10,6,15,35,-3.0,50.4,-0.1,0.3,37.0,35.1,66.0,Kevin Knox,"$4,380,120 ",60,7.85
Furkan Korkmaz,SG,22,PHILADELPHIA 76ERS,20,8,459,65,151,34,94,17,21,4,42,15,6,5,17,35,-2.9,56.49999999999999,-0.1,0.7,43.0,36.2,81.0,Furkan Korkmaz,"$1,620,564 ",46,9.05
Luke Kornet,C,24,CHICAGO BULLS,11,0,126,15,44,5,24,5,5,5,15,6,2,9,3,12,-2.7,43.3,0.0,0.1,34.1,20.8,100.0,Luke Kornet,"$2,195,122 ",20,3.6363636363636362
Kyle Korver,SF,38,MILWAUKEE BUCKS,17,0,257,32,88,27,73,6,8,6,19,11,8,4,14,13,-1.9,53.0,0.0,0.3,36.4,37.0,75.0,Kyle Korver,"$6,004,753 ",25,5.705882352941177
Rodions Kurucs,PF,21,BROOKLYN NETS,10,0,99,9,23,3,7,2,6,5,17,1,5,0,12,16,-9.8,44.9,-0.2,-0.2,39.1,42.9,33.3,Rodions Kurucs,"$1,699,236 ",22,2.3
Kyle Kuzma,PF,24,LOS ANGELES LAKERS,16,1,360,66,150,25,75,23,30,6,49,13,2,5,27,31,-5.4,55.1,-0.3,0.3,44.0,33.3,76.7,Kyle Kuzma,"$1,974,600 ",55,11.25
Skal Labissière,C,23,PORTLAND TRAIL BLAZERS,20,0,335,55,97,2,7,15,22,42,60,23,5,21,23,56,1.8,59.5,0.3,0.9,56.7,28.6,68.2,Skal Labissiere,"$2,338,847 ",102,6.35
Jeremy Lamb,SG,27,INDIANA PACERS,11,11,362,71,145,13,44,31,36,6,57,32,12,7,17,24,1.7,57.8,0.3,1.2,49.0,29.5,86.1,Jeremy Lamb,"$10,500,000 ",63,16.90909090909091
Romeo Langford,SG,20,BOSTON CELTICS,1,0,0,0,0,0,0,0,0,0,0,0,0,0,0,0,-5.4,0.0,0.0,0.0,0.0,0.0,0.0,Romeo Langford,"$3,458,400 ",0,0.0
Zach LaVine,SG,24,CHICAGO BULLS,21,21,677,163,375,64,154,81,100,16,67,82,27,10,67,54,1.3,56.2,0.6,1.2,43.5,41.6,81.0,Zach LaVine,"$19,500,000 ",83,22.428571428571427
Jake Layman,PF,25,MINNESOTA TIMBERWOLVES,14,2,369,61,132,19,54,6,10,12,29,11,12,10,18,31,-2.9,53.900000000000006,-0.1,0.3,46.2,35.2,60.0,Jake Layman,"$3,581,986 ",41,10.5
T.J. Leaf,PF,22,INDIANA PACERS,15,1,158,26,58,5,11,5,8,20,37,6,7,3,6,14,-1.2,50.4,0.0,0.5,44.8,45.5,62.5,TJ Leaf,"$2,813,280 ",57,4.133333333333334
Courtney Lee,SG,34,DALLAS MAVERICKS,5,3,47,10,17,4,7,0,0,0,2,3,0,2,0,5,-0.2,70.6,0.0,0.2,58.8,57.1,0.0,Courtney Lee,"$12,759,670 ",2,4.8
Alex Len,C,26,ATLANTA HAWKS,20,9,334,52,106,4,26,28,41,26,61,16,8,16,21,42,-2.4,54.800000000000004,0.0,0.4,49.1,15.4,68.3,Alex Len,"$4,160,000 ",87,6.8
Kawhi Leonard,SF,28,LOS ANGELES CLIPPERS,15,15,471,141,313,24,78,83,98,17,100,80,29,12,51,34,6.6,54.6,1.0,1.8,45.0,30.8,84.7,Kawhi Leonard,"$32,742,000 ",117,25.933333333333334
Meyers Leonard,PF,27,MIAMI HEAT,19,19,359,48,80,18,34,4,8,6,76,16,7,8,18,41,0.0,70.6,0.2,0.9,60.0,52.9,50.0,Meyers Leonard,"$11,286,515 ",82,6.2105263157894735
Caris LeVert,SG,25,BROOKLYN NETS,9,9,284,59,140,13,36,20,31,10,35,36,6,1,31,20,-5.3,49.1,-0.2,-0.1,42.1,36.1,64.5,Caris LeVert,"$2,625,718 ",45,16.77777777777778
Damian Lillard,PG,29,PORTLAND TRAIL BLAZERS,18,18,666,153,342,59,162,127,138,11,75,131,19,9,50,38,5.8,61.1,1.3,3.1,44.7,36.4,92.0,Damian Lillard,"$29,802,321 ",86,27.333333333333332
Nassir Little,PF,19,PORTLAND TRAIL BLAZERS,13,3,207,23,56,5,23,11,18,16,35,7,5,4,7,27,-2.8,48.5,0.0,0.2,41.1,21.7,61.1,Nassir Little,"$2,105,520 ",51,4.769230769230769
Kevon Looney,C,23,GOLDEN STATE WARRIORS,2,2,25,2,7,1,1,0,0,5,6,1,0,2,2,5,-6.5,35.699999999999996,0.0,0.0,28.6,100.0,0.0,Kevon Looney,"$4,629,630 ",11,2.5
Brook Lopez,C,31,MILWAUKEE BUCKS,19,19,513,69,168,28,97,37,40,11,83,30,14,46,20,43,3.3,54.7,0.7,1.5,41.1,28.9,92.5,Brook Lopez,"$12,093,024 ",94,10.68421052631579
Robin Lopez,C,31,MILWAUKEE BUCKS,21,2,301,41,83,11,33,10,17,21,38,14,4,13,27,37,-1.6,56.89999999999999,0.0,0.4,49.4,33.3,58.8,Robin Lopez,"$4,767,000 ",59,4.904761904761905
Kevin Love,PF,31,CLEVELAND CAVALIERS,16,16,506,83,186,36,99,74,84,16,162,46,11,6,46,26,1.7,61.9,0.5,1.3,44.6,36.4,88.1,Kevin Love,"$28,900,000 ",178,17.25
Kyle Lowry,PG,33,TORONTO RAPTORS,8,8,289,54,113,29,68,37,42,2,32,52,9,3,27,23,3.9,66.2,0.4,1.2,47.8,42.6,88.1,Kyle Lowry,"$33,296,296 ",34,21.75
Trey Lyles,PF,24,SAN ANTONIO SPURS,21,14,363,35,78,17,43,5,9,29,98,25,4,6,16,26,-1.7,56.10000000000001,0.0,0.5,44.9,39.5,55.6,Trey Lyles,"$5,500,000 ",127,4.380952380952381
Thon Maker,C,22,DETROIT PISTONS,18,0,213,20,40,6,13,16,31,10,25,9,6,12,10,28,-0.8,57.8,0.1,0.4,50.0,46.2,51.6,Thon Maker,"$3,569,643 ",35,3.4444444444444446
Terance Mann,SG,23,LOS ANGELES CLIPPERS,16,3,135,16,31,1,6,7,8,2,18,18,5,2,9,18,-1.4,57.9,0.0,0.3,51.6,16.7,87.5,Terance Mann,"$1,000,000 ",20,2.5
Boban Marjanović,C,31,DALLAS MAVERICKS,9,1,108,25,49,0,1,10,12,13,26,5,2,1,7,15,-4.4,55.300000000000004,-0.1,0.3,51.0,0.0,83.3,Boban Marjanovic,"$3,500,000 ",39,6.666666666666667
Lauri Markkanen,PF,22,CHICAGO BULLS,21,21,618,86,241,35,118,78,95,20,127,37,17,10,40,40,-2.7,50.4,-0.1,0.6,35.7,29.7,82.1,Lauri Markkanen,"$5,300,400 ",147,13.571428571428571
Caleb Martin,SF,24,CHARLOTTE HORNETS,3,0,25,2,9,0,3,1,3,0,4,3,1,2,3,2,-11.4,24.2,-0.1,-0.1,22.2,0.0,33.3,Caleb Martin,"$898,310 ",4,1.6666666666666667
Cody Martin,SF,24,CHARLOTTE HORNETS,16,0,189,15,42,1,18,15,22,8,28,18,13,1,7,19,-2.1,44.5,0.0,0.2,35.7,5.6,68.2,Cody Martin,"$1,173,310 ",36,2.875
Wesley Matthews,SG,33,MILWAUKEE BUCKS,21,21,513,59,134,35,92,21,25,2,44,28,11,2,17,25,-0.4,60.0,0.2,1.1,44.0,38.0,84.0,Wesley Matthews,"$2,564,753 ",46,8.285714285714286
Patrick McCaw,SF,24,TORONTO RAPTORS,2,0,40,3,5,1,3,1,2,2,4,3,3,0,3,3,1.9,68.0,0.0,0.1,60.0,33.3,50.0,Patrick McCaw,"$4,000,000 ",6,4.0
CJ McCollum,SG,28,PORTLAND TRAIL BLAZERS,20,20,736,176,401,51,134,37,45,17,75,76,15,16,43,58,-0.9,52.300000000000004,0.2,0.9,43.9,38.1,82.2,CJ McCollum,"$27,556,959 ",92,22.0
T.J. McConnell,PG,27,INDIANA PACERS,18,0,311,57,112,1,3,8,9,9,42,83,10,3,28,23,-0.7,53.0,0.1,0.8,50.9,33.3,88.9,TJ McConnell,"$3,500,000 ",51,6.833333333333333
Doug McDermott,PF,28,INDIANA PACERS,20,0,415,64,147,32,75,10,12,8,46,21,2,3,17,37,-2.6,55.800000000000004,-0.1,0.7,43.5,42.7,83.3,Doug McDermott,"$7,333,334 ",54,8.5
JaVale McGee,C,32,LOS ANGELES LAKERS,20,20,337,63,103,0,0,16,25,39,89,15,12,24,17,41,2.9,62.3,0.4,1.5,61.2,0.0,64.0,JaVale McGee,"$4,000,000 ",128,7.1
Rodney McGruder,SG,28,LOS ANGELES CLIPPERS,15,2,260,23,60,11,35,3,8,11,25,12,4,3,7,26,-1.9,47.199999999999996,0.0,0.3,38.3,31.4,37.5,Rodney McGruder,"$4,629,630 ",36,4.0
Alfonzo McKinnie,SF,27,CLEVELAND CAVALIERS,13,0,145,14,35,7,16,6,9,6,23,3,5,3,6,17,-3.7,52.6,-0.1,0.1,40.0,43.8,66.7,Alfonzo McKinnie,"$1,588,231 ",29,3.1538461538461537
Ben McLemore,SG,26,HOUSTON ROCKETS,19,5,396,49,134,36,114,21,25,7,40,16,13,3,12,37,-2.1,53.400000000000006,0.0,0.6,36.6,31.6,84.0,Ben McLemore,"$1,882,867 ",47,8.157894736842104
Jordan McRae,SG,28,WASHINGTON WIZARDS,12,0,209,40,84,11,28,15,16,3,27,32,6,4,13,24,-1.6,58.199999999999996,0.0,0.4,47.6,39.3,93.8,Jordan McRae,"$1,645,357 ",30,8.833333333333334
Nicolò Melli,C,29,NEW ORLEANS PELICANS,18,3,289,36,86,21,60,16,20,12,36,21,11,3,13,33,-0.8,57.49999999999999,0.1,0.5,41.9,35.0,80.0,Nicolo Melli,"$3,902,439 ",48,6.055555555555555
De'Anthony Melton,PG,21,MEMPHIS GRIZZLIES,9,0,104,16,41,5,14,9,11,6,18,21,8,2,9,10,1.4,50.2,0.1,0.2,39.0,35.7,81.8,De'Anthony Melton,"$1,416,852 ",24,5.111111111111111
Chimezie Metu,PF,22,SAN ANTONIO SPURS,6,0,21,7,12,0,0,2,4,7,4,2,0,2,0,0,10.4,58.099999999999994,0.1,0.2,58.3,0.0,50.0,Chimezie Metu,"$1,416,852 ",11,2.6666666666666665
Khris Middleton,SF,28,MILWAUKEE BUCKS,14,11,384,89,186,27,73,39,44,13,62,43,12,1,26,34,1.5,59.4,0.3,1.4,47.8,37.0,88.6,Khris Middleton,"$30,603,448 ",75,17.428571428571427
C.J. Miles,SG,32,WASHINGTON WIZARDS,10,0,161,19,59,11,35,15,20,4,8,12,10,4,4,14,-2.4,47.199999999999996,0.0,0.1,32.2,31.4,75.0,CJ Miles,"$8,730,158 ",12,6.4
Malcolm Miller,SF,26,TORONTO RAPTORS,8,1,48,6,11,5,10,1,4,0,5,4,0,1,2,5,-0.3,70.5,0.0,0.1,54.5,50.0,25.0,Malcolm Miller,"$1,588,231 ",5,2.25
Patty Mills,PG,31,SAN ANTONIO SPURS,21,1,469,83,177,43,100,25,31,4,22,42,19,4,22,32,-0.8,61.4,0.1,0.9,46.9,43.0,80.6,Patty Mills,"$12,428,571 ",26,11.142857142857142
Paul Millsap,PF,34,DENVER NUGGETS,17,17,443,76,157,20,41,57,65,35,64,21,16,13,18,48,3.4,61.7,0.6,2.1,48.4,48.8,87.7,Paul Millsap,"$30,500,000 ",99,13.470588235294118
Shake Milton,SG,23,PHILADELPHIA 76ERS,8,0,70,10,29,4,17,6,7,1,6,4,1,0,12,13,-12.1,46.800000000000004,-0.2,-0.2,34.5,23.5,85.7,Shake Milton,"$1,445,697 ",7,3.75
Donovan Mitchell,SG,23,UTAH JAZZ,21,21,729,187,430,48,130,93,112,20,80,75,30,6,45,49,1.9,53.7,0.7,2.0,43.5,36.9,83.0,Donovan Mitchell,"$3,635,760 ",100,24.523809523809526
Malik Monk,SG,21,CHARLOTTE HORNETS,22,0,467,81,183,23,84,27,32,6,51,49,8,5,32,37,-4.4,53.800000000000004,-0.3,0.1,44.3,27.4,84.4,Malik Monk,"$4,028,400 ",57,9.636363636363637
E'Twaun Moore,SG,30,NEW ORLEANS PELICANS,15,3,319,58,139,20,54,14,22,13,38,23,8,1,11,27,-3.9,50.4,-0.1,0.2,41.7,37.0,63.6,E'Twaun Moore,"$8,664,928 ",51,10.0
Ja Morant,PG,20,MEMPHIS GRIZZLIES,17,17,488,118,258,16,39,65,85,16,38,109,23,5,58,29,-0.9,53.7,0.1,0.6,45.7,41.0,76.5,Ja Morant,"$8,730,240 ",54,18.647058823529413
Marcus Morris,SF,30,NEW YORK KNICKS,19,19,628,114,269,54,103,73,87,23,94,24,18,12,36,62,-1.1,57.8,0.1,1.3,42.4,52.4,83.9,Marcus Morris,"$15,000,000 ",117,18.68421052631579
Markieff Morris,PF,30,DETROIT PISTONS,20,12,457,79,166,31,77,22,30,10,64,33,13,4,33,49,-1.8,58.9,0.0,0.6,47.6,40.3,73.3,Markieff Morris,"$3,200,000 ",74,10.55
Monte Morris,PG,24,DENVER NUGGETS,17,0,293,46,111,7,18,14,20,4,27,57,6,3,11,10,-3.2,47.199999999999996,-0.1,0.6,41.4,38.9,70.0,Monte Morris,"$1,588,231 ",31,6.647058823529412
Emmanuel Mudiay,PG,23,UTAH JAZZ,18,0,280,55,115,7,27,17,22,6,40,41,6,4,33,29,-2.5,53.7,0.0,0.2,47.8,25.9,77.3,Emmanuel Mudiay,"$1,737,145 ",46,7.444444444444445
Dejounte Murray,PG,23,SAN ANTONIO SPURS,18,13,402,68,150,5,24,32,41,21,89,76,27,5,40,39,0.9,51.5,0.3,0.5,45.3,20.8,78.0,Dejounte Murray,"$2,321,735 ",110,9.61111111111111
Jamal Murray,PG,22,DENVER NUGGETS,17,17,564,120,275,32,92,43,48,13,64,83,28,6,43,34,2.1,53.2,0.6,1.4,43.6,34.8,89.6,Jamal Murray,"$4,444,746 ",77,18.529411764705884
Džanan Musa,SF,20,BROOKLYN NETS,15,0,240,25,76,7,38,19,26,7,34,19,7,1,21,13,-6.7,43.5,-0.3,-0.3,32.9,18.4,73.1,Dzanan Musa,"$1,911,600 ",41,5.066666666666666
Mike Muscala,C,28,OKLAHOMA CITY THUNDER,13,0,150,15,52,10,39,7,8,6,27,14,3,3,5,20,-2.9,42.3,0.0,0.1,28.8,25.6,87.5,Mike Muscala,"$2,028,594 ",33,3.6153846153846154
Sviatoslav Mykhailiuk,SF,22,DETROIT PISTONS,15,0,242,26,59,21,44,3,4,4,14,17,4,1,12,20,-2.6,62.5,0.0,0.3,44.1,47.7,75.0,Sviatoslav Mykhailiuk,"$1,416,852 ",18,5.066666666666666
Abdel Nader,SF,26,OKLAHOMA CITY THUNDER,12,0,169,28,59,12,31,14,18,4,17,8,3,3,13,12,-3.1,61.3,0.0,0.2,47.5,38.7,77.8,Abdel Nader,"$1,618,520 ",21,6.833333333333333
Larry Nance,C,27,CLEVELAND CAVALIERS,17,3,441,72,133,22,56,22,31,35,95,22,19,7,16,28,3.3,64.1,0.6,1.5,54.1,39.3,71.0,Larry Nance,"$12,727,273 ",130,11.058823529411764
Shabazz Napier,PG,28,MINNESOTA TIMBERWOLVES,7,0,142,14,44,8,32,15,18,1,15,27,10,3,13,6,-1.7,49.1,0.0,0.2,31.8,25.0,83.3,Shabazz Napier,"$1,882,867 ",16,7.285714285714286
Raul Neto,PG,27,PHILADELPHIA 76ERS,18,2,213,29,63,9,21,3,4,3,16,27,7,2,16,10,-4.0,54.0,-0.1,0.3,46.0,42.9,75.0,Raul Neto,"$1,737,145 ",19,3.888888888888889
Georges Niang,PF,26,UTAH JAZZ,15,0,152,21,43,9,24,7,10,1,24,8,0,2,8,21,-2.6,61.199999999999996,0.0,0.3,48.8,37.5,70.0,Georges Niang,"$1,645,357 ",25,3.8666666666666667
Nerlens Noel,C,25,OKLAHOMA CITY THUNDER,18,3,335,54,85,0,0,29,38,23,64,26,17,31,20,51,5.7,67.30000000000001,0.6,1.5,63.5,0.0,76.3,Nerlens Noel,"$2,028,594 ",87,7.611111111111111
Jaylen Nowell,SG,20,MINNESOTA TIMBERWOLVES,2,0,15,1,4,0,3,1,1,0,1,3,0,0,1,1,-11.5,33.800000000000004,0.0,0.0,25.0,0.0,100.0,Jaylen Nowell,"$1,400,000 ",1,1.5
Frank Ntilikina,PG,21,NEW YORK KNICKS,19,15,495,47,123,16,48,13,17,8,33,66,27,10,22,52,-1.9,47.099999999999994,0.0,0.4,38.2,33.3,76.5,Frank Ntilikina,"$4,855,800 ",41,6.473684210526316
Kendrick Nunn,SG,24,MIAMI HEAT,19,19,552,122,263,42,110,20,26,4,41,61,23,5,39,53,-1.3,55.7,0.1,1.1,46.4,38.2,76.9,Kendrick Nunn,"$1,416,852 ",45,16.105263157894736
David Nwaba,SF,27,BROOKLYN NETS,12,0,137,14,22,4,10,7,12,4,20,4,4,7,5,18,-0.2,71.5,0.1,0.3,63.6,40.0,58.3,David Nwaba,"$1,678,854 ",24,3.25
Royce O'Neale,PF,26,UTAH JAZZ,21,20,603,44,90,25,55,10,12,2,97,56,15,6,19,64,2.1,64.5,0.6,1.5,48.9,45.5,83.3,Royce O'Neale,"$1,618,520 ",99,5.857142857142857
Kyle O'Quinn,C,29,PHILADELPHIA 76ERS,13,0,120,18,33,5,12,2,6,13,30,17,2,7,12,18,3.0,60.3,0.2,0.4,54.5,41.7,33.3,Kyle O'Quinn,"$2,028,594 ",43,3.3076923076923075
Semi Ojeleye,PF,25,BOSTON CELTICS,19,1,249,19,44,9,25,5,8,5,24,7,5,1,4,19,-2.7,54.7,0.0,0.4,43.2,36.0,62.5,Semi Ojeleye,"$1,618,520 ",29,2.736842105263158
Jahlil Okafor,C,24,NEW ORLEANS PELICANS,13,6,229,49,75,1,2,24,36,21,40,17,4,13,20,37,0.9,67.7,0.2,0.7,65.3,50.0,66.7,Jahlil Okafor,"$1,702,486 ",61,9.461538461538462
Elie Okobo,PG,22,PHOENIX SUNS,13,0,144,20,50,10,24,9,17,2,13,36,4,0,4,8,-2.0,51.300000000000004,0.0,0.4,40.0,41.7,52.9,Elie Okobo,"$1,416,852 ",15,4.538461538461538
Josh Okogie,SG,21,MINNESOTA TIMBERWOLVES,17,2,410,45,105,10,40,44,59,25,65,32,19,7,24,36,-0.1,55.00000000000001,0.2,0.9,42.9,25.0,74.6,Josh Okogie,"$2,530,680 ",90,8.470588235294118
KZ Okpala,SF,20,MIAMI HEAT,2,0,3,0,0,0,0,0,0,0,1,0,0,0,1,0,-23.4,0.0,0.0,0.0,0.0,0.0,0.0,KZ Okpala,"$898,310 ",1,0.0
Kelly Olynyk,C,28,MIAMI HEAT,19,0,433,57,122,31,71,21,24,18,80,28,19,7,27,48,2.0,62.6,0.4,1.3,46.7,43.7,87.5,Kelly Olynyk,"$11,667,885 ",98,8.736842105263158
Miye Oni,SG,22,UTAH JAZZ,2,0,4,0,0,0,0,0,0,0,0,0,0,0,1,0,-14.0,0.0,0.0,0.0,0.0,0.0,0.0,Miye Oni,"$898,310 ",0,0.0
Cedi Osman,SF,24,CLEVELAND CAVALIERS,19,19,572,68,162,31,84,18,26,9,63,41,20,4,24,45,-0.8,53.300000000000004,0.2,0.4,42.0,36.9,69.2,Cedi Osman,"$2,907,143 ",72,9.736842105263158
Kelly Oubre,SF,24,PHOENIX SUNS,19,19,596,117,254,30,88,74,92,24,86,31,26,11,30,60,0.2,57.4,0.3,1.5,46.1,34.1,80.4,Kelly Oubre,"$15,625,000 ",110,17.789473684210527
Jabari Parker,PF,24,ATLANTA HAWKS,21,16,588,141,284,22,83,39,54,42,94,42,33,10,38,68,0.9,55.7,0.4,1.1,49.6,26.5,72.2,Jabari Parker,"$6,500,000 ",136,16.333333333333332
Chandler Parsons,SF,31,ATLANTA HAWKS,3,0,35,4,12,3,10,0,0,1,3,2,4,0,1,3,-0.5,45.800000000000004,0.0,0.0,33.3,30.0,0.0,Chandler Parsons,"$25,102,511 ",4,3.6666666666666665
Eric Paschall,PF,23,GOLDEN STATE WARRIORS,21,15,666,134,263,15,51,81,100,34,80,38,7,7,34,44,-2.7,59.3,-0.1,1.2,51.0,29.4,81.0,Eric Paschall,"$898,310 ",114,17.333333333333332
Patrick Patterson,PF,30,LOS ANGELES CLIPPERS,19,11,260,29,75,24,59,4,8,12,38,14,2,2,7,15,-0.8,54.800000000000004,0.1,0.6,38.7,40.7,50.0,Patrick Patterson,"$3,068,660 ",50,4.526315789473684
Justin Patton,C,22,OKLAHOMA CITY THUNDER,2,0,9,1,3,0,1,0,0,0,2,0,0,0,1,4,-20.6,33.300000000000004,0.0,0.0,33.3,0.0,0.0,Justin Patton,"$1,620,564 ",2,1.0
Chris Paul,PG,34,OKLAHOMA CITY THUNDER,19,19,580,94,206,32,83,78,88,5,75,109,32,0,38,45,3.4,60.9,0.8,2.2,45.6,38.6,88.6,Chris Paul,"$38,506,482 ",80,15.68421052631579
Elfrid Payton,PG,25,NEW YORK KNICKS,4,3,102,11,29,5,8,5,6,3,9,15,10,0,7,8,-0.8,50.6,0.0,0.1,37.9,62.5,83.3,Elfrid Payton,"$8,000,000 ",12,8.0
Theo Pinson,SG,24,BROOKLYN NETS,11,0,167,19,68,7,34,8,9,4,16,29,6,0,17,16,-8.3,36.8,-0.3,-0.3,27.9,20.6,88.9,Theo Pinson,"$1,445,697 ",20,4.818181818181818
Mason Plumlee,C,29,DENVER NUGGETS,17,0,284,49,83,0,2,23,45,31,64,36,10,14,26,45,4.0,58.9,0.4,1.0,59.0,0.0,51.1,Mason Plumlee,"$14,041,096 ",95,7.117647058823529
Vincent Poirier,C,26,BOSTON CELTICS,6,0,31,3,8,0,0,1,2,5,3,3,1,2,3,7,-1.0,39.4,0.0,0.0,37.5,0.0,50.0,Vincent Poirier,"$2,505,793 ",8,1.1666666666666667
Jakob Pöltl,C,24,SAN ANTONIO SPURS,21,6,376,52,90,0,0,16,28,46,75,29,13,24,19,38,2.5,58.599999999999994,0.4,1.0,57.8,0.0,57.1,Jakob Poltl,"$3,754,886 ",121,5.714285714285714
Jordan Poole,SG,20,GOLDEN STATE WARRIORS,22,9,559,59,223,29,115,41,48,4,50,48,15,6,29,44,-8.6,38.5,-0.9,-1.2,26.5,25.2,85.4,Jordan Poole,"$1,964,760 ",54,8.545454545454545
Kevin Porter,SF,19,CLEVELAND CAVALIERS,18,1,368,43,111,8,38,19,25,6,48,34,14,4,24,47,-3.8,46.300000000000004,-0.2,-0.1,38.7,21.1,76.0,Kevin Porter,"$1,290,960 ",54,6.277777777777778
Michael Porter,PF,21,DENVER NUGGETS,10,0,90,15,34,2,10,5,8,8,15,4,0,3,6,13,-4.7,49.3,-0.1,0.1,44.1,20.0,62.5,Michael Porter,"$3,389,400 ",23,3.7
Otto Porter,SF,26,CHICAGO BULLS,9,9,226,35,84,16,40,15,20,8,23,14,9,3,7,20,-0.6,54.400000000000006,0.1,0.5,41.7,40.0,75.0,Otto Porter,"$27,250,576 ",31,11.222222222222221
Bobby Portis,C,24,NEW YORK KNICKS,21,2,458,74,185,23,60,14,20,36,88,24,14,6,20,36,-3.2,47.699999999999996,-0.1,0.3,40.0,38.3,70.0,Bobby Portis,"$15,000,000 ",124,8.80952380952381
Kristaps Porziņģis,PF,24,DALLAS MAVERICKS,18,18,561,110,275,40,114,49,71,30,136,26,11,37,31,52,-1.6,50.5,0.1,1.0,40.0,35.1,69.0,Kristaps Porzingis,"$27,285,000 ",166,17.166666666666668
Dwight Powell,C,28,DALLAS MAVERICKS,16,13,410,51,81,4,11,17,33,27,46,19,11,6,17,44,0.9,64.4,0.3,1.0,63.0,36.4,51.5,Dwight Powell,"$10,259,375 ",73,7.6875
Norman Powell,SG,26,TORONTO RAPTORS,19,11,534,88,190,33,89,35,41,10,63,31,17,7,27,34,0.6,58.599999999999994,0.3,1.3,46.3,37.1,85.4,Norman Powell,"$10,116,576 ",73,12.842105263157896
Julius Randle,PF,25,NEW YORK KNICKS,21,21,681,132,294,19,76,80,120,49,133,72,16,3,72,63,-1.5,52.300000000000004,0.1,0.3,44.9,25.0,66.7,Julius Randle,"$18,000,000 ",182,17.285714285714285
Cam Reddish,SF,20,ATLANTA HAWKS,18,15,430,44,153,14,66,27,35,11,53,30,16,6,32,34,-7.5,38.3,-0.6,-1.0,28.8,21.2,77.1,Cam Reddish,"$4,245,720 ",64,7.166666666666667
J.J. Redick,SG,35,NEW ORLEANS PELICANS,19,15,543,90,202,66,140,43,51,4,54,36,9,5,25,30,-0.1,64.4,0.3,1.2,44.6,47.1,84.3,JJ Redick,"$13,486,300 ",58,15.210526315789474
Josh Richardson,SG,26,PHILADELPHIA 76ERS,16,16,512,93,204,32,83,40,50,10,45,58,18,10,37,47,0.4,57.099999999999994,0.3,1.2,45.6,38.6,80.0,Josh Richardson,"$10,100,000 ",55,16.125
Austin Rivers,SG,27,HOUSTON ROCKETS,19,1,455,55,137,22,77,18,26,14,36,26,9,2,11,36,-3.0,50.5,-0.1,0.5,40.1,28.6,69.2,Austin Rivers,"$2,174,318 ",50,7.894736842105263
Duncan Robinson,SF,25,MIAMI HEAT,19,14,479,68,148,52,123,15,16,2,51,14,13,7,14,47,1.0,65.5,0.4,1.4,45.9,42.3,93.8,Duncan Robinson,"$1,416,852 ",53,10.68421052631579
Glenn Robinson,SF,26,GOLDEN STATE WARRIORS,22,22,706,101,224,28,72,25,30,34,66,43,20,7,20,35,-2.0,53.800000000000004,0.0,0.8,45.1,38.9,83.3,Glenn Robinson,"$1,882,867 ",100,11.590909090909092
Jerome Robinson,SG,22,LOS ANGELES CLIPPERS,16,0,186,22,58,11,30,5,8,0,21,17,5,6,11,23,-2.7,48.8,0.0,0.1,37.9,36.7,62.5,Jerome Robinson,"$3,567,720 ",21,3.75
Justin Robinson,PG,22,WASHINGTON WIZARDS,4,0,12,2,5,1,1,0,0,1,2,2,0,0,2,0,-8.6,50.0,0.0,0.0,40.0,100.0,0.0,Justin Robinson,"$898,310 ",3,1.25
Mitchell Robinson,C,21,NEW YORK KNICKS,17,6,348,57,84,0,0,30,49,50,63,10,10,33,15,64,4.5,68.2,0.6,1.5,67.9,0.0,61.2,Mitchell Robinson,"$1,559,712 ",113,8.470588235294118
Rajon Rondo,PG,33,LOS ANGELES LAKERS,10,0,200,31,71,13,29,5,7,4,24,55,9,0,18,10,-0.8,54.0,0.1,0.6,43.7,44.8,71.4,Rajon Rondo,"$2,564,753 ",28,8.0
Derrick Rose,PG,31,DETROIT PISTONS,15,1,350,94,189,13,34,43,49,6,20,84,13,7,42,18,-0.3,57.9,0.2,1.0,49.7,38.2,87.8,Derrick Rose,"$7,317,073 ",26,16.266666666666666
Terrence Ross,SG,28,ORLANDO MAGIC,17,0,415,74,186,30,105,25,31,5,46,17,15,6,19,29,-2.6,50.8,-0.1,0.4,39.8,28.6,80.6,Terrence Ross,"$12,500,000 ",51,11.941176470588236
Terry Rozier,PG,25,CHARLOTTE HORNETS,22,22,712,134,311,57,140,56,65,17,75,90,26,4,60,51,-0.9,56.10000000000001,0.2,0.8,43.1,40.7,86.2,Terry Rozier,"$19,894,737 ",92,17.318181818181817
Ricky Rubio,PG,29,PHOENIX SUNS,14,14,433,62,155,17,50,44,53,7,60,115,19,1,26,40,1.1,51.9,0.3,1.2,40.0,34.0,83.0,Ricky Rubio,"$16,190,476 ",67,13.214285714285714
D'Angelo Russell,SG,23,GOLDEN STATE WARRIORS,10,10,315,85,187,28,79,45,59,2,34,67,8,5,34,18,1.7,57.099999999999994,0.3,0.6,45.5,35.4,76.3,D'Angelo Russell,"$27,285,000 ",36,24.3
Domantas Sabonis,C,23,INDIANA PACERS,18,18,614,131,256,5,21,65,81,67,168,69,12,9,49,66,3.3,56.89999999999999,0.8,2.3,51.2,23.8,80.2,Domantas Sabonis,"$3,529,555 ",235,18.444444444444443
JaKarr Sampson,SF,26,INDIANA PACERS,9,7,166,23,41,2,10,2,7,7,17,4,5,6,6,23,-0.6,56.699999999999996,0.1,0.3,56.1,20.0,28.6,JaKarr Sampson,"$1,737,145 ",24,5.555555555555555
Dario Šarić,PF,25,PHOENIX SUNS,19,19,533,74,177,32,89,27,31,32,105,38,18,10,26,48,0.8,54.300000000000004,0.4,1.0,41.8,36.0,87.1,Dario Saric,"$3,481,986 ",137,10.894736842105264
Tomáš Satoranský,PG,28,CHICAGO BULLS,21,21,558,73,160,27,65,28,31,18,51,110,30,3,45,45,0.1,57.9,0.3,1.3,45.6,41.5,90.3,Tomas Satoransky,"$10,000,000 ",69,9.571428571428571
Admiral Schofield,SF,22,WASHINGTON WIZARDS,6,0,52,7,10,4,7,4,4,2,6,1,0,0,0,3,-0.1,93.5,0.0,0.2,70.0,57.1,100.0,Admiral Schofield,"$898,310 ",8,3.6666666666666665
Dennis Schröder,PG,26,OKLAHOMA CITY THUNDER,19,0,547,114,258,27,91,39,51,8,67,74,15,5,55,42,-2.8,52.400000000000006,-0.1,0.2,44.2,29.7,76.5,Dennis Schroder,"$15,500,000 ",75,15.473684210526315
Mike Scott,PF,31,PHILADELPHIA 76ERS,21,0,400,43,106,22,67,10,11,15,55,14,5,2,9,34,-2.5,53.2,-0.1,0.7,40.6,32.8,90.9,Mike Scott,"$4,767,000 ",70,5.619047619047619
Thabo Sefolosha,PF,35,HOUSTON ROCKETS,16,0,182,14,42,8,26,0,0,11,28,15,8,4,4,17,-0.7,42.9,0.1,0.3,33.3,30.8,0.0,Thabo Sefolosha,"$2,564,753 ",39,2.25
Collin Sexton,SG,21,CLEVELAND CAVALIERS,19,19,581,130,297,24,72,55,69,18,43,46,16,1,35,43,-3.3,51.800000000000004,-0.2,0.4,43.8,33.3,79.7,Collin Sexton,"$4,764,960 ",61,17.842105263157894
Landry Shamet,SG,22,LOS ANGELES CLIPPERS,10,10,294,30,77,21,58,10,10,0,15,17,4,1,12,31,-2.0,55.900000000000006,0.0,0.3,39.0,36.2,100.0,Landry Shamet,"$1,995,120 ",15,9.1
Pascal Siakam,PF,25,TORONTO RAPTORS,19,19,699,183,389,48,123,73,90,30,130,76,17,14,55,57,3.0,56.8,0.9,2.3,47.0,39.0,81.1,Pascal Siakam,"$2,351,839 ",160,25.63157894736842
Ben Simmons,PG,23,PHILADELPHIA 76ERS,19,19,652,103,195,1,3,40,69,30,103,160,46,10,71,64,3.3,54.800000000000004,0.9,1.9,52.8,33.3,58.0,Ben Simmons,"$8,113,930 ",133,13.0
Anfernee Simons,SG,20,PORTLAND TRAIL BLAZERS,20,1,431,75,179,29,84,26,35,4,32,27,10,2,20,37,-3.8,52.7,-0.2,0.3,41.9,34.5,74.3,Anfernee Simons,"$2,149,560 ",36,10.25
Marcus Smart,SG,25,BOSTON CELTICS,19,14,607,78,207,41,125,29,33,18,47,89,26,9,22,45,1.8,51.0,0.6,1.6,37.7,32.8,87.9,Marcus Smart,"$12,553,471 ",65,11.894736842105264
Dennis Smith,PG,22,NEW YORK KNICKS,14,1,250,31,88,9,28,11,19,10,13,41,6,4,22,32,-6.7,42.5,-0.3,-0.3,35.2,32.1,57.9,Dennis Smith,"$4,463,640 ",23,5.857142857142857
Ish Smith,PG,31,WASHINGTON WIZARDS,18,5,431,63,145,13,40,8,13,11,46,74,14,7,21,29,-2.5,48.8,-0.1,0.3,43.4,32.5,61.5,Ish Smith,"$5,853,659 ",57,8.166666666666666
Tony Snell,SF,28,DETROIT PISTONS,16,14,410,48,104,34,74,4,4,5,22,26,7,2,9,28,-0.7,63.4,0.1,0.8,46.2,45.9,100.0,Tony Snell,"$11,392,857 ",27,8.375
Omari Spellman,PF,22,GOLDEN STATE WARRIORS,21,0,396,60,142,15,46,33,40,51,73,21,16,15,29,27,-1.5,52.6,0.0,0.5,42.3,32.6,82.5,Omari Spellman,"$1,897,800 ",124,8.0
Max Strus,SG,23,CHICAGO BULLS,2,0,6,2,3,0,1,1,1,1,0,0,0,0,0,1,-1.6,72.7,0.0,0.0,66.7,0.0,100.0,Max Strus,"$415,414 ",1,2.5
Edmond Sumner,PG,24,INDIANA PACERS,3,2,67,9,18,0,3,3,5,1,2,6,5,1,1,9,0.0,52.0,0.0,0.2,50.0,0.0,60.0,Edmond Sumner,"$2,000,000 ",3,7.0
Caleb Swanigan,PF,22,SACRAMENTO KINGS,4,0,11,1,2,0,0,1,2,1,3,0,1,2,3,3,-8.9,52.1,0.0,0.0,50.0,0.0,50.0,Caleb Swanigan,"$2,033,160 ",4,0.75
Jayson Tatum,PF,21,BOSTON CELTICS,19,19,657,145,353,45,123,65,79,26,109,52,28,12,41,45,0.1,51.6,0.4,1.4,41.1,36.6,82.3,Jayson Tatum,"$7,830,000 ",135,21.05263157894737
Jeff Teague,PG,31,MINNESOTA TIMBERWOLVES,15,11,434,56,135,10,37,64,75,7,34,112,14,5,32,33,-2.2,55.400000000000006,0.0,1.3,41.5,27.0,85.3,Jeff Teague,"$19,000,000 ",41,12.4
Garrett Temple,SG,33,BROOKLYN NETS,20,11,538,64,160,40,116,18,24,9,53,43,20,12,18,39,0.1,54.50000000000001,0.3,0.9,40.0,34.5,75.0,Garrett Temple,"$4,767,000 ",62,9.3
Daniel Theis,C,27,BOSTON CELTICS,16,15,346,41,85,2,13,19,27,27,82,20,8,24,12,51,1.9,53.2,0.3,1.1,48.2,15.4,70.4,Daniel Theis,"$5,000,000 ",109,6.4375
Isaiah Thomas,PG,30,WASHINGTON WIZARDS,16,13,390,74,170,32,78,14,18,2,24,79,7,3,34,34,-4.9,54.50000000000001,-0.3,0.1,43.5,41.0,77.8,Isaiah Thomas,"$2,320,044 ",26,12.125
Khyri Thomas,SG,23,DETROIT PISTONS,2,0,6,0,0,0,0,1,2,0,0,0,0,0,0,0,-7.0,56.8,0.0,0.0,0.0,0.0,50.0,Khyri Thomas,"$838,464 ",0,0.5
Matt Thomas,SG,25,TORONTO RAPTORS,12,0,136,20,37,14,26,3,5,1,12,4,4,0,4,12,0.7,72.7,0.1,0.4,54.1,53.8,60.0,Matt Thomas,"$898,310 ",13,4.75
Tristan Thompson,C,28,CLEVELAND CAVALIERS,18,18,567,107,207,3,7,37,60,74,113,42,15,22,28,45,2.8,54.400000000000006,0.7,1.5,51.7,42.9,61.7,Tristan Thompson,"$18,539,130 ",187,14.11111111111111
Matisse Thybulle,SG,22,PHILADELPHIA 76ERS,20,3,312,28,69,16,37,12,17,4,17,20,29,13,21,48,1.6,54.900000000000006,0.3,0.6,40.6,43.2,70.6,Matisse Thybulle,"$2,582,160 ",21,4.2
Anthony Tolliver,PF,34,PORTLAND TRAIL BLAZERS,15,7,267,17,58,13,46,9,11,9,41,11,3,6,10,20,-3.3,44.6,-0.1,0.0,29.3,28.3,81.8,Anthony Tolliver,"$2,564,753 ",50,3.7333333333333334
Karl-Anthony Towns,C,24,MINNESOTA TIMBERWOLVES,17,17,563,149,297,64,152,79,98,44,169,70,17,24,56,56,9.1,64.8,1.6,2.9,50.2,42.1,80.6,Karl-Anthony Towns,"$27,250,000 ",213,25.941176470588236
Gary Trent,SG,21,PORTLAND TRAIL BLAZERS,11,1,93,15,33,11,23,0,0,3,9,5,2,2,2,7,0.2,62.1,0.1,0.2,45.5,47.8,0.0,Gary Trent,"$1,416,852 ",12,3.727272727272727
Allonzo Trier,PG,24,NEW YORK KNICKS,10,1,136,22,43,12,26,21,26,1,14,14,2,3,15,21,-1.5,70.7,0.0,0.3,51.2,46.2,80.8,Allonzo Trier,"$3,551,100 ",15,7.7
P.J. Tucker,PF,34,HOUSTON ROCKETS,19,19,659,67,125,36,78,15,18,28,88,27,27,9,18,60,2.9,69.6,0.8,1.8,53.6,46.2,83.3,PJ Tucker,"$8,349,039 ",116,9.736842105263158
Evan Turner,PG,31,ATLANTA HAWKS,13,0,174,22,54,0,4,12,14,6,20,28,8,6,17,15,-4.6,46.5,-0.1,-0.1,40.7,0.0,85.7,Evan Turner,"$18,606,557 ",26,4.3076923076923075
Myles Turner,C,23,INDIANA PACERS,12,12,373,53,118,20,50,20,28,18,54,13,7,28,19,31,1.8,56.00000000000001,0.4,0.9,44.9,40.0,71.4,Myles Turner,"$18,000,000 ",72,12.166666666666666
Jonas Valančiūnas,C,27,MEMPHIS GRIZZLIES,18,18,444,103,186,10,30,28,33,47,130,34,5,16,39,47,0.2,60.8,0.2,1.0,55.4,33.3,84.8,Jonas Valanciunas,"$16,000,000 ",177,13.555555555555555
Denzel Valentine,SF,26,CHICAGO BULLS,7,0,54,11,27,7,18,0,0,2,11,4,3,1,1,5,1.4,53.7,0.0,0.2,40.7,38.9,0.0,Denzel Valentine,"$3,377,569 ",13,4.142857142857143
Jarred Vanderbilt,SF,20,DENVER NUGGETS,3,0,9,0,0,0,0,0,0,0,2,1,0,0,1,0,-8.0,0.0,0.0,0.0,0.0,0.0,0.0,Jarred Vanderbilt,"$1,416,852 ",2,0.0
Fred VanVleet,PG,25,TORONTO RAPTORS,19,19,712,114,278,52,130,74,84,4,71,142,37,2,48,44,2.8,56.2,0.9,2.5,41.0,40.0,88.1,Fred VanVleet,"$9,000,000 ",75,18.63157894736842
Noah Vonleh,C,24,MINNESOTA TIMBERWOLVES,14,1,177,20,43,1,10,16,19,17,34,15,4,3,13,20,-2.3,55.50000000000001,0.0,0.3,46.5,10.0,84.2,Noah Vonleh,"$2,000,000 ",51,4.071428571428571
Nikola Vučević,C,29,ORLANDO MAGIC,14,14,431,95,211,16,50,33,39,41,121,49,9,15,20,27,4.3,52.400000000000006,0.7,1.5,45.0,32.0,84.6,Nikola Vucevic,"$28,000,000 ",162,17.071428571428573
Moritz Wagner,C,22,WASHINGTON WIZARDS,17,0,329,79,130,19,44,27,32,26,69,23,12,12,40,66,1.5,70.8,0.3,0.8,60.8,43.2,84.4,Moritz Wagner,"$2,063,520 ",95,12.0
Kemba Walker,PG,29,BOSTON CELTICS,18,18,582,125,311,61,158,78,86,21,64,90,16,8,39,32,3.6,55.800000000000004,0.8,2.1,40.2,38.6,90.7,Kemba Walker,"$34,379,100 ",85,21.61111111111111
Lonnie Walker,SG,21,SAN ANTONIO SPURS,14,0,81,16,39,2,7,1,7,4,9,6,1,1,3,5,-9.2,41.6,-0.1,-0.1,41.0,28.6,14.3,Lonnie Walker,"$2,760,480 ",13,2.5
Tyrone Wallace,SG,25,ATLANTA HAWKS,13,0,156,14,42,1,14,11,17,3,19,13,6,1,9,18,-7.2,40.400000000000006,-0.2,-0.2,33.3,7.1,64.7,Tyrone Wallace,"$1,588,231 ",22,3.076923076923077
Taurean Waller-Prince,SF,25,BROOKLYN NETS,20,20,605,93,235,55,141,19,27,18,102,38,16,8,44,56,-2.4,52.7,-0.1,0.3,39.6,39.0,70.4,Taurean Prince,"$3,481,986 ",120,13.0
Derrick Walton,PG,24,LOS ANGELES CLIPPERS,5,0,19,2,3,1,2,0,0,0,0,2,0,0,1,3,-7.3,83.3,0.0,0.0,66.7,50.0,0.0,Derrick Walton,"$1,445,697 ",0,1.0
Brad Wanamaker,PG,30,BOSTON CELTICS,19,0,330,47,93,10,24,41,45,9,33,53,14,4,22,33,1.1,64.3,0.3,1.3,50.5,41.7,91.1,Brad Wanamaker,"$1,445,697 ",42,7.631578947368421
T.J. Warren,SF,26,INDIANA PACERS,20,20,660,145,288,26,63,39,48,14,53,22,24,6,28,53,-0.8,57.4,0.2,1.6,50.3,41.3,81.2,TJ Warren,"$10,810,000 ",67,17.75
PJ Washington,PF,21,CHARLOTTE HORNETS,22,22,608,99,196,29,66,32,48,19,90,35,25,16,26,60,0.1,59.599999999999994,0.3,1.2,50.5,43.9,66.7,PJ Washington,"$3,831,840 ",109,11.772727272727273
Russell Westbrook,PG,31,HOUSTON ROCKETS,17,17,565,138,324,21,90,78,108,23,107,117,25,5,73,67,0.2,50.5,0.3,0.9,42.6,23.3,72.2,Russell Westbrook,"$38,178,000 ",130,22.058823529411764
Coby White,SG,19,CHICAGO BULLS,21,0,528,98,265,43,129,31,39,5,68,45,17,0,29,28,-4.1,47.8,-0.3,0.1,37.0,33.3,79.5,Coby White,"$5,307,120 ",73,12.857142857142858
Derrick White,SG,25,SAN ANTONIO SPURS,19,7,454,66,141,19,45,40,51,10,35,57,9,14,23,48,-1.3,58.4,0.1,0.8,46.8,42.2,78.4,Derrick White,"$1,948,080 ",45,10.052631578947368
Hassan Whiteside,C,30,PORTLAND TRAIL BLAZERS,17,17,469,102,175,0,0,47,62,62,149,16,7,37,34,50,1.1,62.0,0.4,1.9,58.3,0.0,75.8,Hassan Whiteside,"$27,093,018 ",211,14.764705882352942
Andrew Wiggins,SF,24,MINNESOTA TIMBERWOLVES,16,16,559,151,327,36,105,59,84,19,68,56,11,19,30,37,0.6,54.50000000000001,0.4,1.4,46.2,34.3,70.2,Andrew Wiggins,"$27,270,000 ",87,24.8125
Grant Williams,PF,21,BOSTON CELTICS,18,0,267,14,54,0,22,12,15,13,27,15,8,12,14,33,-3.3,33.0,-0.1,-0.1,25.9,0.0,80.0,Grant Williams,"$2,379,840 ",40,2.2222222222222223
Kenrich Williams,PF,25,NEW ORLEANS PELICANS,19,11,470,39,91,20,57,8,19,33,80,34,18,14,15,52,1.5,53.300000000000004,0.4,0.8,42.9,35.1,42.1,Kenrich Williams,"$1,416,852 ",113,5.578947368421052
Lou Williams,SG,33,LOS ANGELES CLIPPERS,21,3,664,145,338,39,104,127,150,12,59,132,12,3,67,32,0.4,56.39999999999999,0.4,2.1,42.9,37.5,84.7,Lou Williams,"$8,000,000 ",71,21.714285714285715
Marvin Williams,PF,33,CHARLOTTE HORNETS,22,0,443,61,122,30,72,25,28,10,53,22,14,8,16,38,-0.3,65.9,0.2,1.0,50.0,41.7,89.3,Marvin Williams,"$15,006,250 ",63,8.045454545454545
Robert Williams,C,22,BOSTON CELTICS,17,1,237,32,45,0,0,7,12,19,55,21,16,20,16,30,6.9,70.6,0.5,1.0,71.1,0.0,58.3,Robert Williams,"$1,937,520 ",74,4.176470588235294
Nigel Williams-Goss,PG,25,UTAH JAZZ,5,0,15,0,4,0,1,2,2,1,1,1,0,0,1,1,-11.9,20.5,0.0,-0.1,0.0,0.0,100.0,Nigel Williams-Goss,"$1,500,000 ",2,0.4
D.J. Wilson,PF,23,MILWAUKEE BUCKS,9,0,102,20,38,9,26,0,0,3,16,8,0,1,5,7,-0.4,64.5,0.0,0.3,52.6,34.6,0.0,DJ Wilson,"$2,961,120 ",19,5.444444444444445
Justise Winslow,SF,23,MIAMI HEAT,8,5,271,38,100,4,21,17,25,13,42,35,7,3,20,27,-3.1,43.7,-0.1,0.2,38.0,19.0,68.0,Justise Winslow,"$13,000,000 ",55,12.125
Christian Wood,PF,24,DETROIT PISTONS,18,0,264,60,98,13,27,29,42,21,60,8,6,18,14,14,2.0,69.5,0.3,1.2,61.2,48.1,69.0,Christian Wood,"$1,645,357 ",81,9.0
Delon Wright,SG,27,DALLAS MAVERICKS,19,2,421,59,119,12,34,26,32,16,52,65,24,6,14,24,3.3,58.599999999999994,0.6,1.6,49.6,35.3,81.2,Delon Wright,"$9,473,684 ",68,8.210526315789474
Thaddeus Young,PF,31,CHICAGO BULLS,21,0,448,73,180,23,70,15,27,36,58,34,21,6,34,35,-1.8,47.9,0.0,0.2,40.6,32.9,55.6,Thaddeus Young,"$12,900,000 ",94,8.761904761904763
Trae Young,PG,21,ATLANTA HAWKS,20,20,689,186,407,67,174,125,146,9,72,166,27,1,100,24,4.2,59.8,1.1,1.7,45.7,38.5,85.6,Trae Young,"$6,273,000 ",81,28.2
Cody Zeller,C,27,CHARLOTTE HORNETS,19,17,456,84,160,12,33,32,49,58,93,23,9,8,28,45,-1.2,58.4,0.1,1.0,52.5,36.4,65.3,Cody Zeller,"$14,471,910 ",151,11.157894736842104
Ante Žižić,C,23,CLEVELAND CAVALIERS,5,0,67,10,18,0,0,4,5,5,10,0,1,1,1,8,-7.5,59.4,-0.1,0.1,55.6,0.0,80.0,Ante Zizic,"$2,281,800 ",15,4.8
Ivica Zubac,C,22,LOS ANGELES CLIPPERS,21,19,338,67,111,0,1,39,48,48,90,18,4,22,19,53,3.9,65.5,0.5,1.8,60.4,0.0,81.2,Ivica Zubac,"$6,481,482 ",138,8.238095238095237
